window_id,split,lake_name,target_datetime,length,window_days,target_raw,target_transformed,coeff_shape
train_000000,train,【Huo】Lake Hnagzhang,2020-12-02 00:00:00,2,7,0.0,0.0,"(1, 1, 44)"
train_000001,train,【Huo】Lake Hnagzhang,2020-12-03 00:00:00,3,7,0.0,0.0,"(1, 2, 44)"
train_000002,train,【Huo】Lake Hnagzhang,2020-12-04 00:00:00,4,7,0.006000000052154,0.006000000052154064,"(1, 3, 44)"
train_000003,train,【Huo】Lake Hnagzhang,2020-12-05 00:00:00,5,7,0.0099999997764825,0.009999999776482582,"(1, 4, 44)"
train_000004,train,【Huo】Lake Hnagzhang,2020-12-06 00:00:00,6,7,0.0160000007599592,0.01600000075995922,"(1, 5, 44)"
train_000005,train,【Huo】Lake Hnagzhang,2020-12-07 00:00:00,7,7,0.0260000005364418,0.026000000536441803,"(1, 6, 44)"
train_000006,train,【Huo】Lake Hnagzhang,2020-12-08 00:00:00,8,7,0.0299999993294477,0.029999999329447746,"(1, 7, 44)"
train_000007,train,【Huo】Lake Hnagzhang,2020-12-09 00:00:00,8,7,0.0280000008642673,0.02800000086426735,"(1, 7, 44)"
train_000008,train,【Huo】Lake Hnagzhang,2020-12-10 00:00:00,8,7,0.0280000008642673,0.02800000086426735,"(1, 7, 44)"
train_000009,train,【Huo】Lake Hnagzhang,2020-12-11 00:00:00,8,7,0.0340000018477439,0.03400000184774399,"(1, 7, 44)"
train_000010,train,【Huo】Lake Hnagzhang,2020-12-12 00:00:00,8,7,0.0419999994337558,0.041999999433755875,"(1, 7, 44)"
train_000011,train,【Huo】Lake Hnagzhang,2020-12-13 00:00:00,8,7,0.050000000745058,0.05000000074505806,"(1, 7, 44)"
train_000012,train,【Huo】Lake Hnagzhang,2020-12-14 00:00:00,8,7,0.061999998986721,0.06199999898672104,"(1, 7, 44)"
train_000013,train,【Huo】Lake Hnagzhang,2020-12-15 00:00:00,8,7,0.0799999982118606,0.07999999821186066,"(1, 7, 44)"
train_000014,train,【Huo】Lake Hnagzhang,2020-12-16 00:00:00,8,7,0.096000000834465,0.09600000083446503,"(1, 7, 44)"
train_000015,train,【Huo】Lake Hnagzhang,2020-12-17 00:00:00,8,7,0.108000002801418,0.1080000028014183,"(1, 7, 44)"
train_000016,train,【Huo】Lake Hnagzhang,2020-12-18 00:00:00,8,7,0.115999996662139,0.11599999666213989,"(1, 7, 44)"
train_000017,train,【Huo】Lake Hnagzhang,2020-12-19 00:00:00,8,7,0.131999999284744,0.13199999928474426,"(1, 7, 44)"
train_000018,train,【Huo】Lake Hnagzhang,2020-12-20 00:00:00,8,7,0.143999993801116,0.14399999380111694,"(1, 7, 44)"
train_000019,train,【Huo】Lake Hnagzhang,2020-12-21 00:00:00,8,7,0.151999995112419,0.15199999511241913,"(1, 7, 44)"
train_000020,train,【Huo】Lake Hnagzhang,2020-12-22 00:00:00,8,7,0.150000005960464,0.15000000596046448,"(1, 7, 44)"
train_000021,train,【Huo】Lake Hnagzhang,2020-12-23 00:00:00,8,7,0.151999995112419,0.15199999511241913,"(1, 7, 44)"
train_000022,train,【Huo】Lake Hnagzhang,2020-12-24 00:00:00,8,7,0.158000007271766,0.15800000727176666,"(1, 7, 44)"
train_000023,train,【Huo】Lake Hnagzhang,2020-12-25 00:00:00,8,7,0.162000000476837,0.16200000047683716,"(1, 7, 44)"
train_000024,train,【Huo】Lake Hnagzhang,2020-12-26 00:00:00,8,7,0.165999993681907,0.16599999368190765,"(1, 7, 44)"
train_000025,train,【Huo】Lake Hnagzhang,2020-12-27 00:00:00,8,7,0.165999993681907,0.16599999368190765,"(1, 7, 44)"
train_000026,train,【Huo】Lake Hnagzhang,2020-12-28 00:00:00,8,7,0.173999994993209,0.17399999499320984,"(1, 7, 44)"
train_000027,train,【Huo】Lake Hnagzhang,2020-12-29 00:00:00,8,7,0.181999996304512,0.18199999630451202,"(1, 7, 44)"
train_000028,train,【Huo】Lake Hnagzhang,2020-12-30 00:00:00,8,7,0.200000002980232,0.20000000298023224,"(1, 7, 44)"
train_000029,train,【Huo】Lake Hnagzhang,2020-12-31 00:00:00,8,7,0.206000000238418,0.20600000023841858,"(1, 7, 44)"
train_000030,train,【Huo】Lake Hnagzhang,2021-01-01 00:00:00,8,7,0.209999993443489,0.20999999344348907,"(1, 7, 44)"
train_000031,train,【Huo】Lake Hnagzhang,2021-01-02 00:00:00,8,7,0.222000002861022,0.22200000286102295,"(1, 7, 44)"
train_000032,train,【Huo】Lake Hnagzhang,2021-01-03 00:00:00,8,7,0.236000001430511,0.23600000143051147,"(1, 7, 44)"
train_000033,train,【Huo】Lake Hnagzhang,2021-01-04 00:00:00,8,7,0.241999998688697,0.24199999868869781,"(1, 7, 44)"
train_000034,train,【Huo】Lake Hnagzhang,2021-01-05 00:00:00,8,7,0.256000012159347,0.25600001215934753,"(1, 7, 44)"
train_000035,train,【Huo】Lake Hnagzhang,2021-01-06 00:00:00,8,7,0.26800000667572,0.2680000066757202,"(1, 7, 44)"
train_000036,train,【Huo】Lake Hnagzhang,2021-01-07 00:00:00,8,7,0.287999987602233,0.2879999876022339,"(1, 7, 44)"
train_000037,train,【Huo】Lake Hnagzhang,2021-01-08 00:00:00,8,7,0.300000011920928,0.30000001192092896,"(1, 7, 44)"
train_000038,train,【Huo】Lake Hnagzhang,2021-01-09 00:00:00,8,7,0.305999994277954,0.3059999942779541,"(1, 7, 44)"
train_000039,train,【Huo】Lake Hnagzhang,2021-01-10 00:00:00,8,7,0.312000006437301,0.31200000643730164,"(1, 7, 44)"
train_000040,train,【Huo】Lake Hnagzhang,2021-01-11 00:00:00,8,7,0.312000006437301,0.31200000643730164,"(1, 7, 44)"
train_000041,train,【Huo】Lake Hnagzhang,2021-01-12 00:00:00,8,7,0.316000014543533,0.3160000145435333,"(1, 7, 44)"
train_000042,train,【Huo】Lake Hnagzhang,2021-01-13 00:00:00,8,7,0.319999992847442,0.3199999928474426,"(1, 7, 44)"
train_000043,train,【Huo】Lake Hnagzhang,2021-01-14 00:00:00,8,7,0.324000000953674,0.3240000009536743,"(1, 7, 44)"
train_000044,train,【Huo】Lake Hnagzhang,2021-01-15 00:00:00,8,7,0.32600000500679,0.32600000500679016,"(1, 7, 44)"
train_000045,train,【Huo】Lake Hnagzhang,2021-01-16 00:00:00,8,7,0.32600000500679,0.32600000500679016,"(1, 7, 44)"
train_000046,train,【Huo】Lake Hnagzhang,2021-01-17 00:00:00,8,7,0.331999987363815,0.3319999873638153,"(1, 7, 44)"
train_000047,train,【Huo】Lake Hnagzhang,2021-01-18 00:00:00,8,7,0.337999999523162,0.33799999952316284,"(1, 7, 44)"
train_000048,train,【Huo】Lake Hnagzhang,2021-01-19 00:00:00,8,7,0.335999995470047,0.335999995470047,"(1, 7, 44)"
train_000049,train,【Huo】Lake Hnagzhang,2021-01-20 00:00:00,8,7,0.342000007629394,0.34200000762939453,"(1, 7, 44)"
train_000050,train,【Huo】Lake Hnagzhang,2021-01-21 00:00:00,8,7,0.345999985933303,0.34599998593330383,"(1, 7, 44)"
train_000051,train,【Huo】Lake Hnagzhang,2021-01-22 00:00:00,8,7,0.354000002145767,0.3540000021457672,"(1, 7, 44)"
train_000052,train,【Huo】Lake Hnagzhang,2021-01-23 00:00:00,8,7,0.354000002145767,0.3540000021457672,"(1, 7, 44)"
train_000053,train,【Huo】Lake Hnagzhang,2021-01-24 00:00:00,8,7,0.351999998092651,0.35199999809265137,"(1, 7, 44)"
train_000054,train,【Huo】Lake Hnagzhang,2021-01-25 00:00:00,8,7,0.354000002145767,0.3540000021457672,"(1, 7, 44)"
train_000055,train,【Huo】Lake Hnagzhang,2021-01-26 00:00:00,8,7,0.351999998092651,0.35199999809265137,"(1, 7, 44)"
train_000056,train,【Huo】Lake Hnagzhang,2021-01-27 00:00:00,8,7,0.347999989986419,0.3479999899864197,"(1, 7, 44)"
train_000057,train,【Huo】Lake Hnagzhang,2021-01-28 00:00:00,8,7,0.347999989986419,0.3479999899864197,"(1, 7, 44)"
train_000058,train,【Huo】Lake Hnagzhang,2021-01-29 00:00:00,8,7,0.34400001168251,0.3440000116825104,"(1, 7, 44)"
train_000059,train,【Huo】Lake Hnagzhang,2021-01-30 00:00:00,8,7,0.342000007629394,0.34200000762939453,"(1, 7, 44)"
train_000060,train,【Huo】Lake Hnagzhang,2021-01-31 00:00:00,8,7,0.34400001168251,0.3440000116825104,"(1, 7, 44)"
train_000061,train,【Huo】Lake Hnagzhang,2021-02-01 00:00:00,8,7,0.342000007629394,0.34200000762939453,"(1, 7, 44)"
train_000062,train,【Huo】Lake Hnagzhang,2021-02-02 00:00:00,8,7,0.345999985933303,0.34599998593330383,"(1, 7, 44)"
train_000063,train,【Huo】Lake Hnagzhang,2021-02-03 00:00:00,8,7,0.345999985933303,0.34599998593330383,"(1, 7, 44)"
train_000064,train,【Huo】Lake Hnagzhang,2021-02-04 00:00:00,8,7,0.351999998092651,0.35199999809265137,"(1, 7, 44)"
train_000065,train,【Huo】Lake Hnagzhang,2021-02-05 00:00:00,8,7,0.354000002145767,0.3540000021457672,"(1, 7, 44)"
train_000066,train,【Huo】Lake Hnagzhang,2021-02-06 00:00:00,8,7,0.354000002145767,0.3540000021457672,"(1, 7, 44)"
train_000067,train,【Huo】Lake Hnagzhang,2021-02-07 00:00:00,8,7,0.351999998092651,0.35199999809265137,"(1, 7, 44)"
train_000068,train,【Huo】Lake Hnagzhang,2021-02-08 00:00:00,8,7,0.351999998092651,0.35199999809265137,"(1, 7, 44)"
train_000069,train,【Huo】Lake Hnagzhang,2021-02-09 00:00:00,8,7,0.354000002145767,0.3540000021457672,"(1, 7, 44)"
train_000070,train,【Huo】Lake Hnagzhang,2021-02-10 00:00:00,8,7,0.356000006198883,0.35600000619888306,"(1, 7, 44)"
train_000071,train,【Huo】Lake Hnagzhang,2021-02-11 00:00:00,8,7,0.356000006198883,0.35600000619888306,"(1, 7, 44)"
train_000072,train,【Huo】Lake Hnagzhang,2021-02-12 00:00:00,8,7,0.354000002145767,0.3540000021457672,"(1, 7, 44)"
train_000073,train,【Huo】Lake Hnagzhang,2021-02-13 00:00:00,8,7,0.349999994039535,0.3499999940395355,"(1, 7, 44)"
train_000074,train,【Huo】Lake Hnagzhang,2021-02-14 00:00:00,8,7,0.349999994039535,0.3499999940395355,"(1, 7, 44)"
train_000075,train,【Huo】Lake Hnagzhang,2021-02-15 00:00:00,8,7,0.345999985933303,0.34599998593330383,"(1, 7, 44)"
train_000076,train,【Huo】Lake Hnagzhang,2021-02-16 00:00:00,8,7,0.342000007629394,0.34200000762939453,"(1, 7, 44)"
train_000077,train,【Huo】Lake Hnagzhang,2021-02-17 00:00:00,8,7,0.345999985933303,0.34599998593330383,"(1, 7, 44)"
train_000078,train,【Huo】Lake Hnagzhang,2021-02-18 00:00:00,8,7,0.342000007629394,0.34200000762939453,"(1, 7, 44)"
train_000079,train,【Huo】Lake Hnagzhang,2021-02-19 00:00:00,8,7,0.34400001168251,0.3440000116825104,"(1, 7, 44)"
train_000080,train,【Huo】Lake Hnagzhang,2021-02-20 00:00:00,8,7,0.331999987363815,0.3319999873638153,"(1, 7, 44)"
train_000081,train,【Huo】Lake Hnagzhang,2021-02-21 00:00:00,8,7,0.331999987363815,0.3319999873638153,"(1, 7, 44)"
train_000082,train,【Huo】Lake Hnagzhang,2021-02-22 00:00:00,8,7,0.32600000500679,0.32600000500679016,"(1, 7, 44)"
train_000083,train,【Huo】Lake Hnagzhang,2021-02-23 00:00:00,8,7,0.319999992847442,0.3199999928474426,"(1, 7, 44)"
train_000084,train,【Huo】Lake Hnagzhang,2021-02-24 00:00:00,8,7,0.303999990224838,0.30399999022483826,"(1, 7, 44)"
train_000085,train,【Huo】Lake Hnagzhang,2021-02-25 00:00:00,8,7,0.301999986171722,0.3019999861717224,"(1, 7, 44)"
train_000086,train,【Huo】Lake Hnagzhang,2021-02-26 00:00:00,8,7,0.300000011920928,0.30000001192092896,"(1, 7, 44)"
train_000087,train,【Huo】Lake Hnagzhang,2021-02-27 00:00:00,8,7,0.287999987602233,0.2879999876022339,"(1, 7, 44)"
train_000088,train,【Huo】Lake Hnagzhang,2021-02-28 00:00:00,8,7,0.277999997138977,0.27799999713897705,"(1, 7, 44)"
train_000089,train,【Huo】Lake Ulansu,2022-02-14 00:00:00,2,7,0.45772299170494,0.4577229917049408,"(1, 1, 44)"
train_000090,train,【Huo】Lake Ulansu,2022-02-15 00:00:00,3,7,0.470705986022949,0.4707059860229492,"(1, 2, 44)"
train_000091,train,【Huo】Lake Ulansu,2022-02-16 00:00:00,4,7,0.471183001995086,0.47118300199508667,"(1, 3, 44)"
train_000092,train,【Huo】Lake Ulansu,2022-02-17 00:00:00,5,7,0.473057985305786,0.47305798530578613,"(1, 4, 44)"
train_000093,train,【Huo】Lake Ulansu,2022-02-18 00:00:00,6,7,0.474611014127731,0.4746110141277313,"(1, 5, 44)"
train_000094,train,【Huo】Lake Ulansu,2022-02-19 00:00:00,7,7,0.473951995372772,0.4739519953727722,"(1, 6, 44)"
train_000095,train,【Huo】Lake Ulansu,2022-02-20 00:00:00,8,7,0.479059994220733,0.47905999422073364,"(1, 7, 44)"
train_000096,train,【Huo】Lake Ulansu,2022-02-21 00:00:00,8,7,0.478278011083602,0.4782780110836029,"(1, 7, 44)"
train_000097,train,【Huo】Lake Ulansu,2022-02-22 00:00:00,8,7,0.48039498925209,0.48039498925209045,"(1, 7, 44)"
train_000098,train,【Huo】Lake Ulansu,2022-02-23 00:00:00,8,7,0.476859986782074,0.476859986782074,"(1, 7, 44)"
train_000099,train,【Huo】Lake Ulansu,2022-02-24 00:00:00,8,7,0.471803992986679,0.4718039929866791,"(1, 7, 44)"
train_000100,train,【Huo】Lake Ulansu,2022-02-25 00:00:00,8,7,0.460696995258331,0.4606969952583313,"(1, 7, 44)"
train_000101,train,【Huo】Lake Ulansu,2022-02-26 00:00:00,8,7,0.443906992673873,0.4439069926738739,"(1, 7, 44)"
train_000102,train,【Huo】Lake Ulansu,2022-02-27 00:00:00,8,7,0.432226985692977,0.4322269856929779,"(1, 7, 44)"
train_000103,train,【Huo】Lake Ulansu,2022-02-28 00:00:00,8,7,0.419450998306274,0.4194509983062744,"(1, 7, 44)"
train_000104,train,【Huo】Lake Ulansu,2022-03-01 00:00:00,8,7,0.384988993406295,0.3849889934062958,"(1, 7, 44)"
train_000105,train,【Huo】Lake Ulansu,2022-03-02 00:00:00,8,7,0.374172002077102,0.37417200207710266,"(1, 7, 44)"
train_000106,train,【Huo】Lake Ulansu,2022-03-03 00:00:00,8,7,0.363440990447998,0.36344099044799805,"(1, 7, 44)"
train_000107,train,【Huo】Lake Ulansu,2022-03-04 00:00:00,8,7,0.3539400100708,0.3539400100708008,"(1, 7, 44)"
train_000108,train,【Huo】Lake Ulansu,2022-03-05 00:00:00,8,7,0.337866991758346,0.33786699175834656,"(1, 7, 44)"
train_000109,train,【Huo】Lake Ulansu,2022-03-06 00:00:00,8,7,0.319115996360778,0.3191159963607788,"(1, 7, 44)"
train_000110,train,【Huo】Lake Ulansu,2022-03-07 00:00:00,8,7,0.310241997241973,0.3102419972419739,"(1, 7, 44)"
train_000111,train,【Huo】Lake Ulansu,2022-03-08 00:00:00,8,7,0.286267012357711,0.2862670123577118,"(1, 7, 44)"
train_000112,train,【Huo】Lake Ulansu,2022-03-09 00:00:00,8,7,0.277218997478485,0.2772189974784851,"(1, 7, 44)"
train_000113,train,【Huo】Lake Ulansu,2022-03-10 00:00:00,8,7,0.254379987716674,0.2543799877166748,"(1, 7, 44)"
train_000114,train,【Huo】Lake Ulansu,2022-03-11 00:00:00,8,7,0.228837996721267,0.2288379967212677,"(1, 7, 44)"
train_000115,train,【Huo】Lake Ulansu,2022-03-12 00:00:00,8,7,0.220779001712799,0.22077900171279907,"(1, 7, 44)"
train_000116,train,【Huo】Lake Ulansu,2022-03-13 00:00:00,8,7,0.192498996853828,0.19249899685382843,"(1, 7, 44)"
train_000117,train,【Huo】Lake Ulansu,2022-03-14 00:00:00,8,7,0.183661997318267,0.18366199731826782,"(1, 7, 44)"
train_000118,train,【Huo】Lake Ulansu,2022-03-15 00:00:00,8,7,0.114904001355171,0.1149040013551712,"(1, 7, 44)"
train_000119,train,【Huo】Lake Ulansu,2022-03-16 00:00:00,8,7,0.0938870012760162,0.09388700127601624,"(1, 7, 44)"
train_000120,train,【Huo】Lake Ulansu,2022-03-17 00:00:00,8,7,0.0690020024776458,0.06900200247764587,"(1, 7, 44)"
train_000121,train,【Huo】Lake Ulansu,2022-11-21 00:00:00,2,7,0.0,0.0,"(1, 1, 44)"
train_000122,train,【Huo】Lake Ulansu,2022-11-22 00:00:00,3,7,0.0,0.0,"(1, 2, 44)"
train_000123,train,【Huo】Lake Ulansu,2022-11-23 00:00:00,4,7,0.0,0.0,"(1, 3, 44)"
train_000124,train,【Huo】Lake Ulansu,2022-11-24 00:00:00,5,7,0.0,0.0,"(1, 4, 44)"
train_000125,train,【Huo】Lake Ulansu,2022-11-25 00:00:00,6,7,0.0,0.0,"(1, 5, 44)"
train_000126,train,【Huo】Lake Ulansu,2022-11-26 00:00:00,7,7,0.0,0.0,"(1, 6, 44)"
train_000127,train,【Huo】Lake Ulansu,2022-11-27 00:00:00,8,7,0.0,0.0,"(1, 7, 44)"
train_000128,train,【Huo】Lake Ulansu,2022-11-28 00:00:00,8,7,0.0,0.0,"(1, 7, 44)"
train_000129,train,【Huo】Lake Ulansu,2022-11-29 00:00:00,8,7,0.032210998237133,0.032210998237133026,"(1, 7, 44)"
train_000130,train,【Huo】Lake Ulansu,2022-11-30 00:00:00,8,7,0.0686670020222663,0.06866700202226639,"(1, 7, 44)"
train_000131,train,【Huo】Lake Ulansu,2022-12-01 00:00:00,8,7,0.107625000178813,0.10762500017881393,"(1, 7, 44)"
train_000132,train,【Huo】Lake Ulansu,2022-12-02 00:00:00,8,7,0.13391700387001,0.13391700387001038,"(1, 7, 44)"
train_000133,train,【Huo】Lake Ulansu,2022-12-03 00:00:00,8,7,0.154750004410743,0.1547500044107437,"(1, 7, 44)"
train_000134,train,【Huo】Lake Ulansu,2022-12-04 00:00:00,8,7,0.173333004117012,0.17333300411701202,"(1, 7, 44)"
train_000135,train,【Huo】Lake Ulansu,2022-12-05 00:00:00,8,7,0.189250007271766,0.18925000727176666,"(1, 7, 44)"
train_000136,train,【Huo】Lake Ulansu,2022-12-06 00:00:00,8,7,0.211250007152557,0.21125000715255737,"(1, 7, 44)"
train_000137,train,【Huo】Lake Ulansu,2022-12-07 00:00:00,8,7,0.228499993681907,0.22849999368190765,"(1, 7, 44)"
train_000138,train,【Huo】Lake Ulansu,2022-12-08 00:00:00,8,7,0.236582994461059,0.23658299446105957,"(1, 7, 44)"
train_000139,train,【Huo】Lake Ulansu,2022-12-09 00:00:00,8,7,0.24279199540615,0.24279199540615082,"(1, 7, 44)"
train_000140,train,【Huo】Lake Ulansu,2022-12-10 00:00:00,8,7,0.256999999284744,0.25699999928474426,"(1, 7, 44)"
train_000141,train,【Huo】Lake Ulansu,2022-12-11 00:00:00,8,7,0.266999989748001,0.2669999897480011,"(1, 7, 44)"
train_000142,train,【Huo】Lake Ulansu,2022-12-12 00:00:00,8,7,0.282624989748001,0.2826249897480011,"(1, 7, 44)"
train_000143,train,【Huo】Lake Ulansu,2022-12-13 00:00:00,8,7,0.299582988023757,0.29958298802375793,"(1, 7, 44)"
train_000144,train,【Huo】Lake Ulansu,2022-12-14 00:00:00,8,7,0.305124998092651,0.30512499809265137,"(1, 7, 44)"
train_000145,train,【Huo】Lake Ulansu,2022-12-15 00:00:00,8,7,0.314832985401153,0.31483298540115356,"(1, 7, 44)"
train_000146,train,【Huo】Lake Ulansu,2022-12-16 00:00:00,8,7,0.330457985401153,0.33045798540115356,"(1, 7, 44)"
train_000147,train,【Huo】Lake Ulansu,2022-12-17 00:00:00,8,7,0.342292010784149,0.34229201078414917,"(1, 7, 44)"
train_000148,train,【Huo】Lake Ulansu,2022-12-18 00:00:00,8,7,0.353291988372802,0.35329198837280273,"(1, 7, 44)"
train_000149,train,【Huo】Lake Ulansu,2022-12-19 00:00:00,8,7,0.360792011022567,0.36079201102256775,"(1, 7, 44)"
train_000150,train,【Huo】Lake Ulansu,2022-12-20 00:00:00,8,7,0.367042005062103,0.36704200506210327,"(1, 7, 44)"
train_000151,train,【Huo】Lake Ulansu,2022-12-21 00:00:00,8,7,0.376208007335662,0.37620800733566284,"(1, 7, 44)"
train_000152,train,【Huo】Lake Ulansu,2022-12-22 00:00:00,8,7,0.386000007390975,0.38600000739097595,"(1, 7, 44)"
train_000153,train,【Huo】Lake Ulansu,2022-12-23 00:00:00,8,7,0.390457987785339,0.39045798778533936,"(1, 7, 44)"
train_000154,train,【Huo】Lake Ulansu,2022-12-24 00:00:00,8,7,0.395000010728836,0.39500001072883606,"(1, 7, 44)"
train_000155,train,【Huo】Lake Ulansu,2022-12-25 00:00:00,8,7,0.399500012397766,0.3995000123977661,"(1, 7, 44)"
train_000156,train,【Huo】Lake Ulansu,2022-12-26 00:00:00,8,7,0.408374994993209,0.40837499499320984,"(1, 7, 44)"
train_000157,train,【Huo】Lake Ulansu,2022-12-27 00:00:00,8,7,0.418875008821487,0.4188750088214874,"(1, 7, 44)"
train_000158,train,【Huo】Lake Ulansu,2022-12-28 00:00:00,8,7,0.425832986831665,0.42583298683166504,"(1, 7, 44)"
train_000159,train,【Huo】Lake Ulansu,2022-12-29 00:00:00,8,7,0.433041989803314,0.4330419898033142,"(1, 7, 44)"
train_000160,train,【Huo】Lake Ulansu,2022-12-30 00:00:00,8,7,0.438625007867813,0.4386250078678131,"(1, 7, 44)"
train_000161,train,【Huo】Lake Ulansu,2022-12-31 00:00:00,8,7,0.441541999578475,0.44154199957847595,"(1, 7, 44)"
train_000162,train,【Huo】Lake Ulansu,2023-01-01 00:00:00,8,7,0.442416995763778,0.4424169957637787,"(1, 7, 44)"
train_000163,train,【Huo】Lake Ulansu,2023-01-02 00:00:00,8,7,0.442292004823684,0.4422920048236847,"(1, 7, 44)"
train_000164,train,【Huo】Lake Ulansu,2023-01-03 00:00:00,8,7,0.447167009115219,0.4471670091152191,"(1, 7, 44)"
train_000165,train,【Huo】Lake Ulansu,2023-01-04 00:00:00,8,7,0.453667014837265,0.453667014837265,"(1, 7, 44)"
train_000166,train,【Huo】Lake Ulansu,2023-01-05 00:00:00,8,7,0.453417003154754,0.45341700315475464,"(1, 7, 44)"
train_000167,train,【Huo】Lake Ulansu,2023-01-06 00:00:00,8,7,0.459542006254196,0.45954200625419617,"(1, 7, 44)"
train_000168,train,【Huo】Lake Ulansu,2023-01-07 00:00:00,8,7,0.460624992847442,0.4606249928474426,"(1, 7, 44)"
train_000169,train,【Huo】Lake Ulansu,2023-01-08 00:00:00,8,7,0.461291998624801,0.46129199862480164,"(1, 7, 44)"
train_000170,train,【Huo】Lake Ulansu,2023-01-09 00:00:00,8,7,0.461374998092651,0.46137499809265137,"(1, 7, 44)"
train_000171,train,【Huo】Lake Ulansu,2023-01-10 00:00:00,8,7,0.462208002805709,0.46220800280570984,"(1, 7, 44)"
train_000172,train,【Huo】Lake Ulansu,2023-01-11 00:00:00,8,7,0.461625009775161,0.46162500977516174,"(1, 7, 44)"
train_000173,train,【Huo】Lake Ulansu,2023-01-12 00:00:00,8,7,0.456333011388778,0.4563330113887787,"(1, 7, 44)"
train_000174,train,【Huo】Lake Ulansu,2023-01-13 00:00:00,8,7,0.458000004291534,0.4580000042915344,"(1, 7, 44)"
train_000175,train,【Huo】Lake Ulansu,2023-01-14 00:00:00,8,7,0.449874997138977,0.44987499713897705,"(1, 7, 44)"
train_000176,train,【Huo】Lake Ulansu,2023-01-15 00:00:00,8,7,0.455792009830474,0.45579200983047485,"(1, 7, 44)"
train_000177,train,【Huo】Lake Ulansu,2023-01-16 00:00:00,8,7,0.462875008583068,0.46287500858306885,"(1, 7, 44)"
train_000178,train,【Huo】Lake Ulansu,2023-01-17 00:00:00,8,7,0.462541997432708,0.46254199743270874,"(1, 7, 44)"
train_000179,train,【Huo】Lake Ulansu,2023-01-18 00:00:00,8,7,0.464291989803314,0.4642919898033142,"(1, 7, 44)"
train_000180,train,【Huo】Lake Ulansu,2023-01-19 00:00:00,8,7,0.472166985273361,0.4721669852733612,"(1, 7, 44)"
train_000181,train,【Huo】Lake Ulansu,2023-01-20 00:00:00,8,7,0.47920799255371,0.47920799255371094,"(1, 7, 44)"
train_000182,train,【Huo】Lake Ulansu,2023-01-21 00:00:00,8,7,0.477708011865615,0.47770801186561584,"(1, 7, 44)"
train_000183,train,【Huo】Lake Ulansu,2023-01-22 00:00:00,8,7,0.476792007684707,0.47679200768470764,"(1, 7, 44)"
train_000184,train,【Huo】Lake Ulansu,2023-01-23 00:00:00,8,7,0.482917010784149,0.48291701078414917,"(1, 7, 44)"
train_000185,train,【Huo】Lake Ulansu,2023-01-24 00:00:00,8,7,0.486292004585266,0.4862920045852661,"(1, 7, 44)"
train_000186,train,【Huo】Lake Ulansu,2023-01-25 00:00:00,8,7,0.488416999578475,0.48841699957847595,"(1, 7, 44)"
train_000187,train,【Huo】Lake Ulansu,2023-01-26 00:00:00,8,7,0.491124987602233,0.4911249876022339,"(1, 7, 44)"
train_000188,train,【Huo】Lake Ulansu,2023-01-27 00:00:00,8,7,0.492707997560501,0.4927079975605011,"(1, 7, 44)"
train_000189,train,【Huo】Lake Ulansu,2023-01-28 00:00:00,8,7,0.492792010307312,0.492792010307312,"(1, 7, 44)"
train_000190,train,【Huo】Lake Ulansu,2023-01-29 00:00:00,8,7,0.494583010673522,0.49458301067352295,"(1, 7, 44)"
train_000191,train,【Huo】Lake Ulansu,2023-01-30 00:00:00,8,7,0.495292007923126,0.4952920079231262,"(1, 7, 44)"
train_000192,train,【Huo】Lake Ulansu,2023-01-31 00:00:00,8,7,0.495000004768371,0.4950000047683716,"(1, 7, 44)"
train_000193,train,【Huo】Lake Ulansu,2023-02-01 00:00:00,8,7,0.495792001485824,0.4957920014858246,"(1, 7, 44)"
train_000194,train,【Huo】Lake Ulansu,2023-02-02 00:00:00,8,7,0.495292007923126,0.4952920079231262,"(1, 7, 44)"
train_000195,train,【Huo】Lake Ulansu,2023-02-03 00:00:00,8,7,0.495792001485824,0.4957920014858246,"(1, 7, 44)"
train_000196,train,【Huo】Lake Ulansu,2023-02-04 00:00:00,8,7,0.495375007390975,0.49537500739097595,"(1, 7, 44)"
train_000197,train,【Huo】Lake Ulansu,2023-02-05 00:00:00,8,7,0.494374990463256,0.49437499046325684,"(1, 7, 44)"
train_000198,train,【Huo】Lake Ulansu,2023-02-06 00:00:00,8,7,0.48462501168251,0.4846250116825104,"(1, 7, 44)"
train_000199,train,【Huo】Lake Ulansu,2023-02-07 00:00:00,8,7,0.481875002384185,0.4818750023841858,"(1, 7, 44)"
train_000200,train,【Huo】Lake Ulansu,2023-02-08 00:00:00,8,7,0.47775000333786,0.4777500033378601,"(1, 7, 44)"
train_000201,train,【Huo】Lake Ulansu,2023-02-09 00:00:00,8,7,0.474500000476837,0.47450000047683716,"(1, 7, 44)"
train_000202,train,【Huo】Lake Ulansu,2023-02-10 00:00:00,8,7,0.4757080078125,0.4757080078125,"(1, 7, 44)"
train_000203,train,【Huo】Lake Ulansu,2023-02-11 00:00:00,8,7,0.475125014781951,0.4751250147819519,"(1, 7, 44)"
train_000204,train,【Huo】Lake Ulansu,2023-02-12 00:00:00,8,7,0.478125005960464,0.4781250059604645,"(1, 7, 44)"
train_000205,train,【Huo】Lake Ulansu,2023-02-13 00:00:00,8,7,0.483541995286941,0.48354199528694153,"(1, 7, 44)"
train_000206,train,【Huo】Lake Ulansu,2023-02-14 00:00:00,8,7,0.480666995048522,0.48066699504852295,"(1, 7, 44)"
train_000207,train,【Huo】Lake Ulansu,2023-02-15 00:00:00,8,7,0.478792011737823,0.4787920117378235,"(1, 7, 44)"
train_000208,train,【Huo】Lake Ulansu,2023-02-16 00:00:00,8,7,0.465083003044128,0.4650830030441284,"(1, 7, 44)"
train_000209,train,【Huo】Lake Ulansu,2023-02-17 00:00:00,8,7,0.447667002677917,0.4476670026779175,"(1, 7, 44)"
train_000210,train,【Huo】Lake Ulansu,2023-02-18 00:00:00,8,7,0.429917007684707,0.42991700768470764,"(1, 7, 44)"
train_000211,train,【Huo】Lake Ulansu,2023-02-19 00:00:00,8,7,0.431333005428314,0.4313330054283142,"(1, 7, 44)"
train_000212,train,【Huo】Lake Ulansu,2023-02-20 00:00:00,8,7,0.430833011865615,0.43083301186561584,"(1, 7, 44)"
train_000213,train,【Huo】Lake Ulansu,2023-02-21 00:00:00,8,7,0.426041990518569,0.42604199051856995,"(1, 7, 44)"
train_000214,train,【Huo】Lake Ulansu,2023-02-22 00:00:00,8,7,0.422333002090454,0.4223330020904541,"(1, 7, 44)"
train_000215,train,【Huo】Lake Ulansu,2023-02-23 00:00:00,8,7,0.420042008161544,0.4200420081615448,"(1, 7, 44)"
train_000216,train,【Huo】Lake Ulansu,2023-02-24 00:00:00,8,7,0.416792005300521,0.41679200530052185,"(1, 7, 44)"
train_000217,train,【Huo】Lake Ulansu,2023-02-25 00:00:00,8,7,0.409207999706268,0.4092079997062683,"(1, 7, 44)"
train_000218,train,【Huo】Lake Ulansu,2023-02-26 00:00:00,8,7,0.406042009592056,0.4060420095920563,"(1, 7, 44)"
train_000219,train,【Huo】Lake Ulansu,2023-02-27 00:00:00,8,7,0.402332991361618,0.40233299136161804,"(1, 7, 44)"
train_000220,train,【Huo】Lake Ulansu,2023-02-28 00:00:00,8,7,0.397749990224838,0.39774999022483826,"(1, 7, 44)"
train_000221,train,【Huo】Lake Ulansu,2023-03-01 00:00:00,8,7,0.388792008161544,0.3887920081615448,"(1, 7, 44)"
train_000222,train,【Huo】Lake Ulansu,2023-03-02 00:00:00,8,7,0.369417011737823,0.3694170117378235,"(1, 7, 44)"
train_000223,train,【Huo】Lake Ulansu,2023-03-03 00:00:00,8,7,0.356375008821487,0.3563750088214874,"(1, 7, 44)"
train_000224,train,【Huo】Lake Ulansu,2023-03-04 00:00:00,8,7,0.344500005245208,0.34450000524520874,"(1, 7, 44)"
train_000225,train,【Huo】Lake Ulansu,2023-03-05 00:00:00,8,7,0.337792009115219,0.3377920091152191,"(1, 7, 44)"
train_000226,train,【Huo】Lake Ulansu,2023-03-06 00:00:00,8,7,0.331916987895965,0.3319169878959656,"(1, 7, 44)"
train_000227,train,【Huo】Lake Ulansu,2023-03-07 00:00:00,8,7,0.328207999467849,0.32820799946784973,"(1, 7, 44)"
train_000228,train,【Huo】Lake Ulansu,2023-03-08 00:00:00,8,7,0.327542006969451,0.3275420069694519,"(1, 7, 44)"
train_000229,train,【Huo】Lake Ulansu,2023-03-09 00:00:00,8,7,0.319833010435104,0.31983301043510437,"(1, 7, 44)"
train_000230,train,【Huo】Lake Ulansu,2023-03-10 00:00:00,8,7,0.296416997909545,0.2964169979095459,"(1, 7, 44)"
train_000231,train,【Huo】Lake Ulansu,2023-03-11 00:00:00,8,7,0.265374988317489,0.2653749883174896,"(1, 7, 44)"
train_000232,train,【Huo】Lake Ulansu,2023-03-12 00:00:00,8,7,0.242541998624801,0.24254199862480164,"(1, 7, 44)"
train_000233,train,【IISD Experimental】Lake 239,1972-04-06 00:00:00,2,7,0.660000026226043,0.6600000262260437,"(1, 1, 44)"
train_000234,train,【IISD Experimental】Lake 239,1973-12-18 00:00:00,2,7,0.25,0.25,"(1, 1, 44)"
train_000235,train,【IISD Experimental】Lake 239,1974-05-01 00:00:00,2,7,0.280000001192092,0.2800000011920929,"(1, 1, 44)"
train_000236,train,【IISD Experimental】Lake 239,1974-05-03 00:00:00,3,7,0.239999994635581,0.23999999463558197,"(1, 2, 44)"
train_000237,train,【IISD Experimental】Lake 239,1974-05-07 00:00:00,3,7,0.189999997615814,0.1899999976158142,"(1, 2, 44)"
train_000238,train,【IISD Experimental】Lake 239,1985-02-20 00:00:00,2,7,0.449999988079071,0.44999998807907104,"(1, 1, 44)"
train_000239,train,【IISD Experimental】Lake 239,1989-12-13 00:00:00,2,7,0.560000002384185,0.5600000023841858,"(1, 1, 44)"
train_000240,train,【IISD Experimental】Lake 239,2000-03-07 00:00:00,2,7,0.439999997615814,0.4399999976158142,"(1, 1, 44)"
train_000241,train,【IISD Experimental】Lake 239,2001-12-19 00:00:00,2,7,0.170000001788139,0.17000000178813934,"(1, 1, 44)"
train_000242,train,【IISD Experimental】Lake 239,2002-04-17 00:00:00,2,7,0.430000007152557,0.4300000071525574,"(1, 1, 44)"
train_000243,train,【IISD Experimental】Lake 239,2003-01-13 00:00:00,2,7,0.5,0.5,"(1, 1, 44)"
train_000244,train,【IISD Experimental】Lake 239,2003-12-04 00:00:00,2,7,0.140000000596046,0.14000000059604645,"(1, 1, 44)"
train_000245,train,【IISD Experimental】Lake 239,2003-12-10 00:00:00,2,7,0.25,0.25,"(1, 1, 44)"
train_000246,train,【IISD Experimental】Lake 239,2005-12-04 00:00:00,2,7,0.170000001788139,0.17000000178813934,"(1, 1, 44)"
train_000247,train,【IISD Experimental】Lake 239,2012-03-21 00:00:00,2,7,0.289999991655349,0.28999999165534973,"(1, 1, 44)"
train_000248,train,【IISD Experimental】Lake 239,2016-03-17 00:00:00,2,7,0.389999985694885,0.38999998569488525,"(1, 1, 44)"
train_000249,train,【IISD Experimental】Lake 239,2017-03-22 00:00:00,2,7,0.639999985694885,0.6399999856948853,"(1, 1, 44)"
train_000250,train,【IISD Experimental】Lake 302,1980-01-25 00:00:00,2,7,0.435000002384185,0.4350000023841858,"(1, 1, 44)"
train_000251,train,【IISD Experimental】Lake 302,1989-12-13 00:00:00,2,7,0.52999997138977,0.5299999713897705,"(1, 1, 44)"
train_000252,train,【IISD Experimental】Lake 302,2002-01-09 09:46:00,2,7,0.330000013113021,0.33000001311302185,"(1, 1, 44)"
train_000253,train,【IISD Experimental】Lake 302,2003-01-07 02:50:00,2,7,0.340000003576278,0.3400000035762787,"(1, 1, 44)"
train_000254,train,【IISD Experimental】Lake 302,2005-01-11 13:55:00,2,7,0.349999994039535,0.3499999940395355,"(1, 1, 44)"
train_000255,train,【Li】Lake Xiaoxingkai,2025-01-19 12:00:00,2,7,0.6171,0.6171000003814697,"(1, 1, 44)"
train_000256,train,【Li】Lake Xiaoxingkai,2025-01-20 12:00:00,3,7,0.6075,0.6075000166893005,"(1, 2, 44)"
train_000257,train,【Li】Lake Xiaoxingkai,2025-01-21 12:00:00,4,7,0.6165,0.6165000200271606,"(1, 3, 44)"
train_000258,train,【Li】Lake Xiaoxingkai,2025-01-22 12:00:00,5,7,0.6159,0.6158999800682068,"(1, 4, 44)"
train_000259,train,【Li】Lake Xiaoxingkai,2025-01-23 12:00:00,6,7,0.6171,0.6171000003814697,"(1, 5, 44)"
train_000260,train,【Li】Lake Xiaoxingkai,2025-01-24 12:00:00,7,7,0.6172,0.6172000169754028,"(1, 6, 44)"
train_000261,train,【Li】Lake Xiaoxingkai,2025-01-25 12:00:00,8,7,0.62,0.6200000047683716,"(1, 7, 44)"
train_000262,train,【Li】Lake Xiaoxingkai,2025-01-26 12:00:00,8,7,0.6116,0.6115999817848206,"(1, 7, 44)"
train_000263,train,【Li】Lake Xiaoxingkai,2025-01-27 12:00:00,8,7,0.6174,0.6173999905586243,"(1, 7, 44)"
train_000264,train,【Li】Lake Xiaoxingkai,2025-01-28 12:00:00,8,7,0.6091,0.6090999841690063,"(1, 7, 44)"
train_000265,train,【Li】Lake Xiaoxingkai,2025-01-29 12:00:00,8,7,0.5888,0.5888000130653381,"(1, 7, 44)"
train_000266,train,【Li】Lake Xiaoxingkai,2025-01-30 12:00:00,8,7,0.5858,0.5857999920845032,"(1, 7, 44)"
train_000267,train,【Li】Lake Xiaoxingkai,2025-01-31 12:00:00,8,7,0.5944,0.5943999886512756,"(1, 7, 44)"
train_000268,train,【Li】Lake Xiaoxingkai,2025-02-01 12:00:00,8,7,0.6018,0.6018000245094299,"(1, 7, 44)"
train_000269,train,【Li】Lake Xiaoxingkai,2025-02-02 12:00:00,8,7,0.6195,0.6194999814033508,"(1, 7, 44)"
train_000270,train,【Li】Lake Xiaoxingkai,2025-02-03 12:00:00,8,7,0.6265,0.6265000104904175,"(1, 7, 44)"
train_000271,train,【Li】Lake Xiaoxingkai,2025-02-04 12:00:00,8,7,0.6328,0.6327999830245972,"(1, 7, 44)"
train_000272,train,【Li】Lake Xiaoxingkai,2025-02-05 12:00:00,8,7,0.6485,0.6485000252723694,"(1, 7, 44)"
train_000273,train,【Li】Lake Xiaoxingkai,2025-02-06 12:00:00,8,7,0.6563,0.6563000082969666,"(1, 7, 44)"
train_000274,train,【Li】Lake Xiaoxingkai,2025-02-07 12:00:00,8,7,0.6629,0.6628999710083008,"(1, 7, 44)"
train_000275,train,【Li】Lake Xiaoxingkai,2025-02-08 12:00:00,8,7,0.6708,0.670799970626831,"(1, 7, 44)"
train_000276,train,【Li】Lake Xiaoxingkai,2025-02-09 12:00:00,8,7,0.6845,0.684499979019165,"(1, 7, 44)"
train_000277,train,【Li】Lake Xiaoxingkai,2025-02-10 12:00:00,8,7,0.6817,0.6816999912261963,"(1, 7, 44)"
