window_id,split,lake_name,sample_datetime,length,y_true,y_pred,y_pred_transformed,has_observation,input_prev_ice_m,input_prev_gap_days,input_prev_available
seasonal_rollout_000000,seasonal_rollout,【Li】Lake Xiaoxingkai,2025-10-02 12:00:00,2,,0.36963793635368347,0.36963793635368347,False,0.7122,227.0,True
seasonal_rollout_000001,seasonal_rollout,【Li】Lake Xiaoxingkai,2025-10-03 12:00:00,3,,0.002985290251672268,0.002985290251672268,False,0.36963793635368347,1.0,True
seasonal_rollout_000002,seasonal_rollout,【Li】Lake Xiaoxingkai,2025-10-04 12:00:00,4,,4.431935303728096e-05,4.431935303728096e-05,False,0.002985290251672268,1.0,True
seasonal_rollout_000003,seasonal_rollout,【Li】Lake Xiaoxingkai,2025-10-05 12:00:00,5,,3.4561307984404266e-05,3.4561307984404266e-05,False,4.431935303728096e-05,1.0,True
seasonal_rollout_000004,seasonal_rollout,【Li】Lake Xiaoxingkai,2025-10-06 12:00:00,6,,3.4708951716311276e-05,3.4708951716311276e-05,False,3.4561307984404266e-05,1.0,True
seasonal_rollout_000005,seasonal_rollout,【Li】Lake Xiaoxingkai,2025-10-07 12:00:00,7,,2.526922253309749e-05,2.526922253309749e-05,False,3.4708951716311276e-05,1.0,True
seasonal_rollout_000006,seasonal_rollout,【Li】Lake Xiaoxingkai,2025-10-08 12:00:00,8,,1.0553625543252565e-05,1.0553625543252565e-05,False,2.526922253309749e-05,1.0,True
seasonal_rollout_000007,seasonal_rollout,【Li】Lake Xiaoxingkai,2025-10-09 12:00:00,8,,1.1270209142821841e-05,1.1270209142821841e-05,False,1.0553625543252565e-05,1.0,True
seasonal_rollout_000008,seasonal_rollout,【Li】Lake Xiaoxingkai,2025-10-10 12:00:00,8,,0.008857849054038525,0.008857849054038525,False,1.1270209142821841e-05,1.0,True
seasonal_rollout_000009,seasonal_rollout,【Li】Lake Xiaoxingkai,2025-10-11 12:00:00,8,,0.04200688749551773,0.04200688749551773,False,0.008857849054038525,1.0,True
seasonal_rollout_000010,seasonal_rollout,【Li】Lake Xiaoxingkai,2025-10-12 12:00:00,8,,0.06832445412874222,0.06832445412874222,False,0.04200688749551773,1.0,True
seasonal_rollout_000011,seasonal_rollout,【Li】Lake Xiaoxingkai,2025-10-13 12:00:00,8,,0.05345851927995682,0.05345851927995682,False,0.06832445412874222,1.0,True
seasonal_rollout_000012,seasonal_rollout,【Li】Lake Xiaoxingkai,2025-10-14 12:00:00,8,,0.049552589654922485,0.049552589654922485,False,0.05345851927995682,1.0,True
seasonal_rollout_000013,seasonal_rollout,【Li】Lake Xiaoxingkai,2025-10-15 12:00:00,8,,0.04846145957708359,0.04846145957708359,False,0.049552589654922485,1.0,True
seasonal_rollout_000014,seasonal_rollout,【Li】Lake Xiaoxingkai,2025-10-16 12:00:00,8,,0.07933593541383743,0.07933593541383743,False,0.04846145957708359,1.0,True
seasonal_rollout_000015,seasonal_rollout,【Li】Lake Xiaoxingkai,2025-10-17 12:00:00,8,,0.08847317844629288,0.08847317844629288,False,0.07933593541383743,1.0,True
seasonal_rollout_000016,seasonal_rollout,【Li】Lake Xiaoxingkai,2025-10-18 12:00:00,8,,0.12524999678134918,0.12524999678134918,False,0.08847317844629288,1.0,True
seasonal_rollout_000017,seasonal_rollout,【Li】Lake Xiaoxingkai,2025-10-19 12:00:00,8,,0.13051100075244904,0.13051100075244904,False,0.12524999678134918,1.0,True
seasonal_rollout_000018,seasonal_rollout,【Li】Lake Xiaoxingkai,2025-10-20 12:00:00,8,,0.10493085533380508,0.10493085533380508,False,0.13051100075244904,1.0,True
seasonal_rollout_000019,seasonal_rollout,【Li】Lake Xiaoxingkai,2025-10-21 12:00:00,8,,0.08480203151702881,0.08480203151702881,False,0.10493085533380508,1.0,True
seasonal_rollout_000020,seasonal_rollout,【Li】Lake Xiaoxingkai,2025-10-22 12:00:00,8,,0.07159154117107391,0.07159154117107391,False,0.08480203151702881,1.0,True
seasonal_rollout_000021,seasonal_rollout,【Li】Lake Xiaoxingkai,2025-10-23 12:00:00,8,,0.07719042152166367,0.07719042152166367,False,0.07159154117107391,1.0,True
seasonal_rollout_000022,seasonal_rollout,【Li】Lake Xiaoxingkai,2025-10-24 12:00:00,8,,0.0621567964553833,0.0621567964553833,False,0.07719042152166367,1.0,True
seasonal_rollout_000023,seasonal_rollout,【Li】Lake Xiaoxingkai,2025-10-25 12:00:00,8,,0.08897615969181061,0.08897615969181061,False,0.0621567964553833,1.0,True
seasonal_rollout_000024,seasonal_rollout,【Li】Lake Xiaoxingkai,2025-10-26 12:00:00,8,,0.0929400771856308,0.0929400771856308,False,0.08897615969181061,1.0,True
seasonal_rollout_000025,seasonal_rollout,【Li】Lake Xiaoxingkai,2025-10-27 12:00:00,8,,0.07271505147218704,0.07271505147218704,False,0.0929400771856308,1.0,True
seasonal_rollout_000026,seasonal_rollout,【Li】Lake Xiaoxingkai,2025-10-28 12:00:00,8,,0.039360154420137405,0.039360154420137405,False,0.07271505147218704,1.0,True
seasonal_rollout_000027,seasonal_rollout,【Li】Lake Xiaoxingkai,2025-10-29 12:00:00,8,,0.03797091916203499,0.03797091916203499,False,0.039360154420137405,1.0,True
seasonal_rollout_000028,seasonal_rollout,【Li】Lake Xiaoxingkai,2025-10-30 12:00:00,8,,0.03927309066057205,0.03927309066057205,False,0.03797091916203499,1.0,True
seasonal_rollout_000029,seasonal_rollout,【Li】Lake Xiaoxingkai,2025-10-31 12:00:00,8,,0.04439625144004822,0.04439625144004822,False,0.03927309066057205,1.0,True
seasonal_rollout_000030,seasonal_rollout,【Li】Lake Xiaoxingkai,2025-11-01 12:00:00,8,,0.0350085012614727,0.0350085012614727,False,0.04439625144004822,1.0,True
seasonal_rollout_000031,seasonal_rollout,【Li】Lake Xiaoxingkai,2025-11-02 12:00:00,8,,0.03217924013733864,0.03217924013733864,False,0.0350085012614727,1.0,True
seasonal_rollout_000032,seasonal_rollout,【Li】Lake Xiaoxingkai,2025-11-03 12:00:00,8,,0.0866626426577568,0.0866626426577568,False,0.03217924013733864,1.0,True
seasonal_rollout_000033,seasonal_rollout,【Li】Lake Xiaoxingkai,2025-11-04 12:00:00,8,,0.10046780854463577,0.10046780854463577,False,0.0866626426577568,1.0,True
seasonal_rollout_000034,seasonal_rollout,【Li】Lake Xiaoxingkai,2025-11-05 12:00:00,8,,0.1118178516626358,0.1118178516626358,False,0.10046780854463577,1.0,True
seasonal_rollout_000035,seasonal_rollout,【Li】Lake Xiaoxingkai,2025-11-06 12:00:00,8,,0.09579990804195404,0.09579990804195404,False,0.1118178516626358,1.0,True
seasonal_rollout_000036,seasonal_rollout,【Li】Lake Xiaoxingkai,2025-11-07 12:00:00,8,,0.06513494998216629,0.06513494998216629,False,0.09579990804195404,1.0,True
seasonal_rollout_000037,seasonal_rollout,【Li】Lake Xiaoxingkai,2025-11-08 12:00:00,8,,0.062265340238809586,0.062265340238809586,False,0.06513494998216629,1.0,True
seasonal_rollout_000038,seasonal_rollout,【Li】Lake Xiaoxingkai,2025-11-09 12:00:00,8,,0.09946440160274506,0.09946440160274506,False,0.062265340238809586,1.0,True
seasonal_rollout_000039,seasonal_rollout,【Li】Lake Xiaoxingkai,2025-11-10 12:00:00,8,,0.046025075018405914,0.046025075018405914,False,0.09946440160274506,1.0,True
seasonal_rollout_000040,seasonal_rollout,【Li】Lake Xiaoxingkai,2025-11-11 12:00:00,8,,0.06958649307489395,0.06958649307489395,False,0.046025075018405914,1.0,True
seasonal_rollout_000041,seasonal_rollout,【Li】Lake Xiaoxingkai,2025-11-12 12:00:00,8,,0.03839081525802612,0.03839081525802612,False,0.06958649307489395,1.0,True
seasonal_rollout_000042,seasonal_rollout,【Li】Lake Xiaoxingkai,2025-11-13 12:00:00,8,,0.07427988201379776,0.07427988201379776,False,0.03839081525802612,1.0,True
seasonal_rollout_000043,seasonal_rollout,【Li】Lake Xiaoxingkai,2025-11-14 12:00:00,8,,0.08271633088588715,0.08271633088588715,False,0.07427988201379776,1.0,True
seasonal_rollout_000044,seasonal_rollout,【Li】Lake Xiaoxingkai,2025-11-15 12:00:00,8,,0.07776860892772675,0.07776860892772675,False,0.08271633088588715,1.0,True
seasonal_rollout_000045,seasonal_rollout,【Li】Lake Xiaoxingkai,2025-11-16 12:00:00,8,,0.05253419280052185,0.05253419280052185,False,0.07776860892772675,1.0,True
seasonal_rollout_000046,seasonal_rollout,【Li】Lake Xiaoxingkai,2025-11-17 12:00:00,8,,0.09824451804161072,0.09824451804161072,False,0.05253419280052185,1.0,True
seasonal_rollout_000047,seasonal_rollout,【Li】Lake Xiaoxingkai,2025-11-18 12:00:00,8,,0.09166304767131805,0.09166304767131805,False,0.09824451804161072,1.0,True
seasonal_rollout_000048,seasonal_rollout,【Li】Lake Xiaoxingkai,2025-11-19 12:00:00,8,,0.09917879104614258,0.09917879104614258,False,0.09166304767131805,1.0,True
seasonal_rollout_000049,seasonal_rollout,【Li】Lake Xiaoxingkai,2025-11-20 12:00:00,8,,0.10106388479471207,0.10106388479471207,False,0.09917879104614258,1.0,True
seasonal_rollout_000050,seasonal_rollout,【Li】Lake Xiaoxingkai,2025-11-21 12:00:00,8,,0.08462662249803543,0.08462662249803543,False,0.10106388479471207,1.0,True
seasonal_rollout_000051,seasonal_rollout,【Li】Lake Xiaoxingkai,2025-11-22 12:00:00,8,,0.048541102558374405,0.048541102558374405,False,0.08462662249803543,1.0,True
seasonal_rollout_000052,seasonal_rollout,【Li】Lake Xiaoxingkai,2025-11-23 12:00:00,8,,0.05205574631690979,0.05205574631690979,False,0.048541102558374405,1.0,True
seasonal_rollout_000053,seasonal_rollout,【Li】Lake Xiaoxingkai,2025-11-24 12:00:00,8,,0.10838598012924194,0.10838598012924194,False,0.05205574631690979,1.0,True
seasonal_rollout_000054,seasonal_rollout,【Li】Lake Xiaoxingkai,2025-11-25 12:00:00,8,,0.14372409880161285,0.14372409880161285,False,0.10838598012924194,1.0,True
seasonal_rollout_000055,seasonal_rollout,【Li】Lake Xiaoxingkai,2025-11-26 12:00:00,8,,0.1521846055984497,0.1521846055984497,False,0.14372409880161285,1.0,True
seasonal_rollout_000056,seasonal_rollout,【Li】Lake Xiaoxingkai,2025-11-27 12:00:00,8,,0.1343207061290741,0.1343207061290741,False,0.1521846055984497,1.0,True
seasonal_rollout_000057,seasonal_rollout,【Li】Lake Xiaoxingkai,2025-11-28 12:00:00,8,,0.17169760167598724,0.17169760167598724,False,0.1343207061290741,1.0,True
seasonal_rollout_000058,seasonal_rollout,【Li】Lake Xiaoxingkai,2025-11-29 12:00:00,8,,0.17747549712657928,0.17747549712657928,False,0.17169760167598724,1.0,True
seasonal_rollout_000059,seasonal_rollout,【Li】Lake Xiaoxingkai,2025-11-30 12:00:00,8,,0.17259731888771057,0.17259731888771057,False,0.17747549712657928,1.0,True
seasonal_rollout_000060,seasonal_rollout,【Li】Lake Xiaoxingkai,2025-12-01 12:00:00,8,,0.16560806334018707,0.16560806334018707,False,0.17259731888771057,1.0,True
seasonal_rollout_000061,seasonal_rollout,【Li】Lake Xiaoxingkai,2025-12-02 12:00:00,8,,0.14695753157138824,0.14695753157138824,False,0.16560806334018707,1.0,True
seasonal_rollout_000062,seasonal_rollout,【Li】Lake Xiaoxingkai,2025-12-03 12:00:00,8,,0.13426902890205383,0.13426902890205383,False,0.14695753157138824,1.0,True
seasonal_rollout_000063,seasonal_rollout,【Li】Lake Xiaoxingkai,2025-12-04 12:00:00,8,,0.08396706730127335,0.08396706730127335,False,0.13426902890205383,1.0,True
seasonal_rollout_000064,seasonal_rollout,【Li】Lake Xiaoxingkai,2025-12-05 12:00:00,8,,0.15819421410560608,0.15819421410560608,False,0.08396706730127335,1.0,True
seasonal_rollout_000065,seasonal_rollout,【Li】Lake Xiaoxingkai,2025-12-06 12:00:00,8,,0.1894283890724182,0.1894283890724182,False,0.15819421410560608,1.0,True
seasonal_rollout_000066,seasonal_rollout,【Li】Lake Xiaoxingkai,2025-12-07 12:00:00,8,,0.20099803805351257,0.20099803805351257,False,0.1894283890724182,1.0,True
seasonal_rollout_000067,seasonal_rollout,【Li】Lake Xiaoxingkai,2025-12-08 12:00:00,8,,0.20851191878318787,0.20851191878318787,False,0.20099803805351257,1.0,True
seasonal_rollout_000068,seasonal_rollout,【Li】Lake Xiaoxingkai,2025-12-09 12:00:00,8,,0.22831125557422638,0.22831125557422638,False,0.20851191878318787,1.0,True
seasonal_rollout_000069,seasonal_rollout,【Li】Lake Xiaoxingkai,2025-12-10 12:00:00,8,,0.2512945830821991,0.2512945830821991,False,0.22831125557422638,1.0,True
seasonal_rollout_000070,seasonal_rollout,【Li】Lake Xiaoxingkai,2025-12-11 12:00:00,8,,0.25254908204078674,0.25254908204078674,False,0.2512945830821991,1.0,True
seasonal_rollout_000071,seasonal_rollout,【Li】Lake Xiaoxingkai,2025-12-12 12:00:00,8,,0.2468978464603424,0.2468978464603424,False,0.25254908204078674,1.0,True
seasonal_rollout_000072,seasonal_rollout,【Li】Lake Xiaoxingkai,2025-12-13 12:00:00,8,,0.2627968192100525,0.2627968192100525,False,0.2468978464603424,1.0,True
seasonal_rollout_000073,seasonal_rollout,【Li】Lake Xiaoxingkai,2025-12-14 12:00:00,8,,0.24746888875961304,0.24746888875961304,False,0.2627968192100525,1.0,True
seasonal_rollout_000074,seasonal_rollout,【Li】Lake Xiaoxingkai,2025-12-15 12:00:00,8,,0.25783684849739075,0.25783684849739075,False,0.24746888875961304,1.0,True
seasonal_rollout_000075,seasonal_rollout,【Li】Lake Xiaoxingkai,2025-12-16 12:00:00,8,,0.27503401041030884,0.27503401041030884,False,0.25783684849739075,1.0,True
seasonal_rollout_000076,seasonal_rollout,【Li】Lake Xiaoxingkai,2025-12-17 12:00:00,8,,0.29212525486946106,0.29212525486946106,False,0.27503401041030884,1.0,True
seasonal_rollout_000077,seasonal_rollout,【Li】Lake Xiaoxingkai,2025-12-18 12:00:00,8,,0.28432604670524597,0.28432604670524597,False,0.29212525486946106,1.0,True
seasonal_rollout_000078,seasonal_rollout,【Li】Lake Xiaoxingkai,2025-12-19 12:00:00,8,,0.29171738028526306,0.29171738028526306,False,0.28432604670524597,1.0,True
seasonal_rollout_000079,seasonal_rollout,【Li】Lake Xiaoxingkai,2025-12-20 12:00:00,8,,0.2858782708644867,0.2858782708644867,False,0.29171738028526306,1.0,True
seasonal_rollout_000080,seasonal_rollout,【Li】Lake Xiaoxingkai,2025-12-21 12:00:00,8,,0.3046279847621918,0.3046279847621918,False,0.2858782708644867,1.0,True
seasonal_rollout_000081,seasonal_rollout,【Li】Lake Xiaoxingkai,2025-12-22 12:00:00,8,,0.33092236518859863,0.33092236518859863,False,0.3046279847621918,1.0,True
seasonal_rollout_000082,seasonal_rollout,【Li】Lake Xiaoxingkai,2025-12-23 12:00:00,8,,0.35621145367622375,0.35621145367622375,False,0.33092236518859863,1.0,True
seasonal_rollout_000083,seasonal_rollout,【Li】Lake Xiaoxingkai,2025-12-24 12:00:00,8,,0.34023916721343994,0.34023916721343994,False,0.35621145367622375,1.0,True
seasonal_rollout_000084,seasonal_rollout,【Li】Lake Xiaoxingkai,2025-12-25 12:00:00,8,,0.38213738799095154,0.38213738799095154,False,0.34023916721343994,1.0,True
seasonal_rollout_000085,seasonal_rollout,【Li】Lake Xiaoxingkai,2025-12-26 12:00:00,8,,0.41152504086494446,0.41152504086494446,False,0.38213738799095154,1.0,True
seasonal_rollout_000086,seasonal_rollout,【Li】Lake Xiaoxingkai,2025-12-27 12:00:00,8,,0.42246901988983154,0.42246901988983154,False,0.41152504086494446,1.0,True
seasonal_rollout_000087,seasonal_rollout,【Li】Lake Xiaoxingkai,2025-12-28 12:00:00,8,,0.40166470408439636,0.40166470408439636,False,0.42246901988983154,1.0,True
seasonal_rollout_000088,seasonal_rollout,【Li】Lake Xiaoxingkai,2025-12-29 12:00:00,8,,0.3805539906024933,0.3805539906024933,False,0.40166470408439636,1.0,True
seasonal_rollout_000089,seasonal_rollout,【Li】Lake Xiaoxingkai,2025-12-30 12:00:00,8,,0.36532220244407654,0.36532220244407654,False,0.3805539906024933,1.0,True
seasonal_rollout_000090,seasonal_rollout,【Li】Lake Xiaoxingkai,2025-12-31 12:00:00,8,,0.39805835485458374,0.39805835485458374,False,0.36532220244407654,1.0,True
seasonal_rollout_000091,seasonal_rollout,【Li】Lake Xiaoxingkai,2026-01-01 12:00:00,8,,0.41474485397338867,0.41474485397338867,False,0.39805835485458374,1.0,True
seasonal_rollout_000092,seasonal_rollout,【Li】Lake Xiaoxingkai,2026-01-02 12:00:00,8,,0.39066943526268005,0.39066943526268005,False,0.41474485397338867,1.0,True
seasonal_rollout_000093,seasonal_rollout,【Li】Lake Xiaoxingkai,2026-01-03 12:00:00,8,,0.3966067433357239,0.3966067433357239,False,0.39066943526268005,1.0,True
seasonal_rollout_000094,seasonal_rollout,【Li】Lake Xiaoxingkai,2026-01-04 12:00:00,8,,0.41029903292655945,0.41029903292655945,False,0.3966067433357239,1.0,True
seasonal_rollout_000095,seasonal_rollout,【Li】Lake Xiaoxingkai,2026-01-05 12:00:00,8,,0.4116255044937134,0.4116255044937134,False,0.41029903292655945,1.0,True
seasonal_rollout_000096,seasonal_rollout,【Li】Lake Xiaoxingkai,2026-01-06 12:00:00,8,,0.41494059562683105,0.41494059562683105,False,0.4116255044937134,1.0,True
seasonal_rollout_000097,seasonal_rollout,【Li】Lake Xiaoxingkai,2026-01-07 12:00:00,8,,0.40731462836265564,0.40731462836265564,False,0.41494059562683105,1.0,True
seasonal_rollout_000098,seasonal_rollout,【Li】Lake Xiaoxingkai,2026-01-08 12:00:00,8,,0.4244386851787567,0.4244386851787567,False,0.40731462836265564,1.0,True
seasonal_rollout_000099,seasonal_rollout,【Li】Lake Xiaoxingkai,2026-01-09 12:00:00,8,,0.44025176763534546,0.44025176763534546,False,0.4244386851787567,1.0,True
seasonal_rollout_000100,seasonal_rollout,【Li】Lake Xiaoxingkai,2026-01-10 12:00:00,8,,0.488369345664978,0.488369345664978,False,0.44025176763534546,1.0,True
seasonal_rollout_000101,seasonal_rollout,【Li】Lake Xiaoxingkai,2026-01-11 12:00:00,8,,0.46874839067459106,0.46874839067459106,False,0.488369345664978,1.0,True
seasonal_rollout_000102,seasonal_rollout,【Li】Lake Xiaoxingkai,2026-01-12 12:00:00,8,,0.45836812257766724,0.45836812257766724,False,0.46874839067459106,1.0,True
seasonal_rollout_000103,seasonal_rollout,【Li】Lake Xiaoxingkai,2026-01-13 12:00:00,8,,0.48756784200668335,0.48756784200668335,False,0.45836812257766724,1.0,True
seasonal_rollout_000104,seasonal_rollout,【Li】Lake Xiaoxingkai,2026-01-14 12:00:00,8,,0.49102580547332764,0.49102580547332764,False,0.48756784200668335,1.0,True
seasonal_rollout_000105,seasonal_rollout,【Li】Lake Xiaoxingkai,2026-01-15 12:00:00,8,,0.45141518115997314,0.45141518115997314,False,0.49102580547332764,1.0,True
seasonal_rollout_000106,seasonal_rollout,【Li】Lake Xiaoxingkai,2026-01-16 12:00:00,8,,0.4850158095359802,0.4850158095359802,False,0.45141518115997314,1.0,True
seasonal_rollout_000107,seasonal_rollout,【Li】Lake Xiaoxingkai,2026-01-17 12:00:00,8,,0.53077232837677,0.53077232837677,False,0.4850158095359802,1.0,True
seasonal_rollout_000108,seasonal_rollout,【Li】Lake Xiaoxingkai,2026-01-18 12:00:00,8,,0.4701575040817261,0.4701575040817261,False,0.53077232837677,1.0,True
seasonal_rollout_000109,seasonal_rollout,【Li】Lake Xiaoxingkai,2026-01-19 12:00:00,8,0.669,0.5147451162338257,0.5147451162338257,True,0.4701575040817261,1.0,True
seasonal_rollout_000110,seasonal_rollout,【Li】Lake Xiaoxingkai,2026-01-20 12:00:00,8,0.6735,0.5015180110931396,0.5015180110931396,True,0.5147451162338257,1.0,True
seasonal_rollout_000111,seasonal_rollout,【Li】Lake Xiaoxingkai,2026-01-21 12:00:00,8,0.6798,0.5138331055641174,0.5138331055641174,True,0.5015180110931396,1.0,True
seasonal_rollout_000112,seasonal_rollout,【Li】Lake Xiaoxingkai,2026-01-22 12:00:00,8,0.6872,0.5314887166023254,0.5314887166023254,True,0.5138331055641174,1.0,True
seasonal_rollout_000113,seasonal_rollout,【Li】Lake Xiaoxingkai,2026-01-23 12:00:00,8,0.6934,0.5079237222671509,0.5079237222671509,True,0.5314887166023254,1.0,True
seasonal_rollout_000114,seasonal_rollout,【Li】Lake Xiaoxingkai,2026-01-24 12:00:00,8,0.6995,0.5101016759872437,0.5101016759872437,True,0.5079237222671509,1.0,True
seasonal_rollout_000115,seasonal_rollout,【Li】Lake Xiaoxingkai,2026-01-25 12:00:00,8,0.7048,0.5677326321601868,0.5677326321601868,True,0.5101016759872437,1.0,True
seasonal_rollout_000116,seasonal_rollout,【Li】Lake Xiaoxingkai,2026-01-26 12:00:00,8,0.7103,0.532052218914032,0.532052218914032,True,0.5677326321601868,1.0,True
seasonal_rollout_000117,seasonal_rollout,【Li】Lake Xiaoxingkai,2026-01-27 12:00:00,8,0.7147,0.5034399032592773,0.5034399032592773,True,0.532052218914032,1.0,True
seasonal_rollout_000118,seasonal_rollout,【Li】Lake Xiaoxingkai,2026-01-28 12:00:00,8,0.7203,0.5014269948005676,0.5014269948005676,True,0.5034399032592773,1.0,True
seasonal_rollout_000119,seasonal_rollout,【Li】Lake Xiaoxingkai,2026-01-29 12:00:00,8,0.7253,0.5115483999252319,0.5115483999252319,True,0.5014269948005676,1.0,True
seasonal_rollout_000120,seasonal_rollout,【Li】Lake Xiaoxingkai,2026-01-30 12:00:00,8,0.7319,0.5298677086830139,0.5298677086830139,True,0.5115483999252319,1.0,True
seasonal_rollout_000121,seasonal_rollout,【Li】Lake Xiaoxingkai,2026-01-31 12:00:00,8,0.7372,0.5285888314247131,0.5285888314247131,True,0.5298677086830139,1.0,True
seasonal_rollout_000122,seasonal_rollout,【Li】Lake Xiaoxingkai,2026-02-01 12:00:00,8,0.7411,0.4884238541126251,0.4884238541126251,True,0.5285888314247131,1.0,True
seasonal_rollout_000123,seasonal_rollout,【Li】Lake Xiaoxingkai,2026-02-02 12:00:00,8,0.7451,0.4687713086605072,0.4687713086605072,True,0.4884238541126251,1.0,True
seasonal_rollout_000124,seasonal_rollout,【Li】Lake Xiaoxingkai,2026-02-03 12:00:00,8,0.7477,0.4718155860900879,0.4718155860900879,True,0.4687713086605072,1.0,True
seasonal_rollout_000125,seasonal_rollout,【Li】Lake Xiaoxingkai,2026-02-04 12:00:00,8,0.7532,0.4431386888027191,0.4431386888027191,True,0.4718155860900879,1.0,True
seasonal_rollout_000126,seasonal_rollout,【Li】Lake Xiaoxingkai,2026-02-05 12:00:00,8,0.756,0.511113703250885,0.511113703250885,True,0.4431386888027191,1.0,True
seasonal_rollout_000127,seasonal_rollout,【Li】Lake Xiaoxingkai,2026-02-06 12:00:00,8,0.7586,0.4932664632797241,0.4932664632797241,True,0.511113703250885,1.0,True
seasonal_rollout_000128,seasonal_rollout,【Li】Lake Xiaoxingkai,2026-02-07 12:00:00,8,0.7631,0.49377888441085815,0.49377888441085815,True,0.4932664632797241,1.0,True
seasonal_rollout_000129,seasonal_rollout,【Li】Lake Xiaoxingkai,2026-02-08 12:00:00,8,0.7684,0.47288215160369873,0.47288215160369873,True,0.49377888441085815,1.0,True
seasonal_rollout_000130,seasonal_rollout,【Li】Lake Xiaoxingkai,2026-02-09 12:00:00,8,0.7737,0.40635767579078674,0.40635767579078674,True,0.47288215160369873,1.0,True
seasonal_rollout_000131,seasonal_rollout,【Li】Lake Xiaoxingkai,2026-02-10 12:00:00,8,0.7793,0.37008315324783325,0.37008315324783325,True,0.40635767579078674,1.0,True
seasonal_rollout_000132,seasonal_rollout,【Li】Lake Xiaoxingkai,2026-02-11 12:00:00,8,0.7846,0.34434038400650024,0.34434038400650024,True,0.37008315324783325,1.0,True
seasonal_rollout_000133,seasonal_rollout,【Li】Lake Xiaoxingkai,2026-02-12 12:00:00,8,0.7888,0.2992478907108307,0.2992478907108307,True,0.34434038400650024,1.0,True
seasonal_rollout_000134,seasonal_rollout,【Li】Lake Xiaoxingkai,2026-02-13 12:00:00,8,0.7928,0.3039521276950836,0.3039521276950836,True,0.2992478907108307,1.0,True
seasonal_rollout_000135,seasonal_rollout,【Li】Lake Xiaoxingkai,2026-02-14 12:00:00,8,0.7934,0.3237634599208832,0.3237634599208832,True,0.3039521276950836,1.0,True
seasonal_rollout_000136,seasonal_rollout,【Li】Lake Xiaoxingkai,2026-02-15 12:00:00,8,0.792,0.35505709052085876,0.35505709052085876,True,0.3237634599208832,1.0,True
seasonal_rollout_000137,seasonal_rollout,【Li】Lake Xiaoxingkai,2026-02-16 12:00:00,8,0.7919,0.3786681890487671,0.3786681890487671,True,0.35505709052085876,1.0,True
seasonal_rollout_000138,seasonal_rollout,【Li】Lake Xiaoxingkai,2026-02-17 12:00:00,8,0.7969,0.40333327651023865,0.40333327651023865,True,0.3786681890487671,1.0,True
seasonal_rollout_000139,seasonal_rollout,【Li】Lake Xiaoxingkai,2026-02-18 12:00:00,8,0.8003,0.5095481276512146,0.5095481276512146,True,0.40333327651023865,1.0,True
seasonal_rollout_000140,seasonal_rollout,【Li】Lake Xiaoxingkai,2026-02-19 12:00:00,8,0.8029,0.6161730289459229,0.6161730289459229,True,0.5095481276512146,1.0,True
seasonal_rollout_000141,seasonal_rollout,【Li】Lake Xiaoxingkai,2026-02-20 12:00:00,8,0.8053,0.8018909096717834,0.8018909096717834,True,0.6161730289459229,1.0,True
seasonal_rollout_000142,seasonal_rollout,【Li】Lake Xiaoxingkai,2026-02-21 12:00:00,8,0.8072,0.8225796818733215,0.8225796818733215,True,0.8018909096717834,1.0,True
seasonal_rollout_000143,seasonal_rollout,【Li】Lake Xiaoxingkai,2026-02-22 12:00:00,8,0.808,0.7697399854660034,0.7697399854660034,True,0.8225796818733215,1.0,True
seasonal_rollout_000144,seasonal_rollout,【Li】Lake Xiaoxingkai,2026-02-23 12:00:00,8,0.81,0.927619218826294,0.927619218826294,True,0.7697399854660034,1.0,True
seasonal_rollout_000145,seasonal_rollout,【Li】Lake Xiaoxingkai,2026-02-24 12:00:00,8,0.8028,0.8936135768890381,0.8936135768890381,True,0.927619218826294,1.0,True
seasonal_rollout_000146,seasonal_rollout,【Li】Lake Xiaoxingkai,2026-02-25 12:00:00,8,,0.8643442392349243,0.8643442392349243,False,0.8936135768890381,1.0,True
seasonal_rollout_000147,seasonal_rollout,【Li】Lake Xiaoxingkai,2026-02-26 12:00:00,8,,0.7690117359161377,0.7690117359161377,False,0.8643442392349243,1.0,True
seasonal_rollout_000148,seasonal_rollout,【Li】Lake Xiaoxingkai,2026-02-27 12:00:00,8,,0.6851961016654968,0.6851961016654968,False,0.7690117359161377,1.0,True
seasonal_rollout_000149,seasonal_rollout,【Li】Lake Xiaoxingkai,2026-02-28 12:00:00,8,,0.5581405162811279,0.5581405162811279,False,0.6851961016654968,1.0,True
seasonal_rollout_000150,seasonal_rollout,【Li】Lake Xiaoxingkai,2026-03-01 12:00:00,8,,0.4727848172187805,0.4727848172187805,False,0.5581405162811279,1.0,True
seasonal_rollout_000151,seasonal_rollout,【Li】Lake Xiaoxingkai,2026-03-02 12:00:00,8,,0.42837005853652954,0.42837005853652954,False,0.4727848172187805,1.0,True
seasonal_rollout_000152,seasonal_rollout,【Li】Lake Xiaoxingkai,2026-03-03 12:00:00,8,,0.20053379237651825,0.20053379237651825,False,0.42837005853652954,1.0,True
seasonal_rollout_000153,seasonal_rollout,【Li】Lake Xiaoxingkai,2026-03-04 12:00:00,8,,0.12321707606315613,0.12321707606315613,False,0.20053379237651825,1.0,True
seasonal_rollout_000154,seasonal_rollout,【Li】Lake Xiaoxingkai,2026-03-05 12:00:00,8,,0.3039846122264862,0.3039846122264862,False,0.12321707606315613,1.0,True
seasonal_rollout_000155,seasonal_rollout,【Li】Lake Xiaoxingkai,2026-03-06 12:00:00,8,,0.26356205344200134,0.26356205344200134,False,0.3039846122264862,1.0,True
seasonal_rollout_000156,seasonal_rollout,【Li】Lake Xiaoxingkai,2026-03-07 12:00:00,8,,0.21393461525440216,0.21393461525440216,False,0.26356205344200134,1.0,True
seasonal_rollout_000157,seasonal_rollout,【Li】Lake Xiaoxingkai,2026-03-08 12:00:00,8,,0.1784665286540985,0.1784665286540985,False,0.21393461525440216,1.0,True
seasonal_rollout_000158,seasonal_rollout,【Li】Lake Xiaoxingkai,2026-03-09 12:00:00,8,,0.19031170010566711,0.19031170010566711,False,0.1784665286540985,1.0,True
seasonal_rollout_000159,seasonal_rollout,【Li】Lake Xiaoxingkai,2026-03-10 12:00:00,8,,0.20544318854808807,0.20544318854808807,False,0.19031170010566711,1.0,True
seasonal_rollout_000160,seasonal_rollout,【Li】Lake Xiaoxingkai,2026-03-11 12:00:00,8,,0.26586171984672546,0.26586171984672546,False,0.20544318854808807,1.0,True
seasonal_rollout_000161,seasonal_rollout,【Li】Lake Xiaoxingkai,2026-03-12 12:00:00,8,,0.36411580443382263,0.36411580443382263,False,0.26586171984672546,1.0,True
seasonal_rollout_000162,seasonal_rollout,【Li】Lake Xiaoxingkai,2026-03-13 12:00:00,8,,0.36434051394462585,0.36434051394462585,False,0.36411580443382263,1.0,True
