window_id,split,lake_name,target_datetime,length,window_days,target_raw,target_transformed,ice_prev_m,ice_prev_gap_days,Air_Temperature_celsius,ice_prev_available
train_000000,train,【Huo】Lake Hnagzhang,2020-12-02 00:00:00,2,7,0.0,0.0,0.0,1.0,-5.109655761718727,1.0
train_000001,train,【Huo】Lake Hnagzhang,2020-12-03 00:00:00,3,7,0.0,0.0,0.0,1.0,-5.266882324218727,1.0
train_000002,train,【Huo】Lake Hnagzhang,2020-12-04 00:00:00,4,7,0.006000000052154,0.006000000052154064,0.0,1.0,-2.126501464843728,1.0
train_000003,train,【Huo】Lake Hnagzhang,2020-12-05 00:00:00,5,7,0.0099999997764825,0.009999999776482582,0.006000000052154,1.0,-1.622869873046852,1.0
train_000004,train,【Huo】Lake Hnagzhang,2020-12-06 00:00:00,6,7,0.0160000007599592,0.01600000075995922,0.0099999997764825,1.0,-5.434179687499977,1.0
train_000005,train,【Huo】Lake Hnagzhang,2020-12-07 00:00:00,7,7,0.0260000005364418,0.026000000536441803,0.0160000007599592,1.0,-4.176641845703102,1.0
train_000006,train,【Huo】Lake Hnagzhang,2020-12-08 00:00:00,8,7,0.0299999993294477,0.029999999329447746,0.0260000005364418,1.0,-0.6889709472656023,1.0
train_000007,train,【Huo】Lake Hnagzhang,2020-12-09 00:00:00,8,7,0.0280000008642673,0.02800000086426735,0.0299999993294477,1.0,-1.806982421874977,1.0
train_000008,train,【Huo】Lake Hnagzhang,2020-12-10 00:00:00,8,7,0.0280000008642673,0.02800000086426735,0.0280000008642673,1.0,-3.035864257812477,1.0
train_000009,train,【Huo】Lake Hnagzhang,2020-12-11 00:00:00,8,7,0.0340000018477439,0.03400000184774399,0.0280000008642673,1.0,-7.014227294921852,1.0
train_000010,train,【Huo】Lake Hnagzhang,2020-12-12 00:00:00,8,7,0.0419999994337558,0.041999999433755875,0.0340000018477439,1.0,-7.353186035156227,1.0
train_000011,train,【Huo】Lake Hnagzhang,2020-12-13 00:00:00,8,7,0.050000000745058,0.05000000074505806,0.0419999994337558,1.0,-10.30393066406248,1.0
train_000012,train,【Huo】Lake Hnagzhang,2020-12-14 00:00:00,8,7,0.061999998986721,0.06199999898672104,0.050000000745058,1.0,-11.49735107421873,1.0
train_000013,train,【Huo】Lake Hnagzhang,2020-12-15 00:00:00,8,7,0.0799999982118606,0.07999999821186066,0.061999998986721,1.0,-10.35260620117185,1.0
train_000014,train,【Huo】Lake Hnagzhang,2020-12-16 00:00:00,8,7,0.096000000834465,0.09600000083446503,0.0799999982118606,1.0,-4.002813720703102,1.0
train_000015,train,【Huo】Lake Hnagzhang,2020-12-17 00:00:00,8,7,0.108000002801418,0.1080000028014183,0.096000000834465,1.0,-6.397436523437477,1.0
train_000016,train,【Huo】Lake Hnagzhang,2020-12-18 00:00:00,8,7,0.115999996662139,0.11599999666213989,0.108000002801418,1.0,-7.299108886718727,1.0
train_000017,train,【Huo】Lake Hnagzhang,2020-12-19 00:00:00,8,7,0.131999999284744,0.13199999928474426,0.115999996662139,1.0,-6.134313964843727,1.0
train_000018,train,【Huo】Lake Hnagzhang,2020-12-20 00:00:00,8,7,0.143999993801116,0.14399999380111694,0.131999999284744,1.0,-2.644079589843728,1.0
train_000019,train,【Huo】Lake Hnagzhang,2020-12-21 00:00:00,8,7,0.151999995112419,0.15199999511241913,0.143999993801116,1.0,-0.8605712890624773,1.0
train_000020,train,【Huo】Lake Hnagzhang,2020-12-22 00:00:00,8,7,0.150000005960464,0.15000000596046448,0.151999995112419,1.0,1.993554687500023,1.0
train_000021,train,【Huo】Lake Hnagzhang,2020-12-23 00:00:00,8,7,0.151999995112419,0.15199999511241913,0.150000005960464,1.0,-4.407873535156227,1.0
train_000022,train,【Huo】Lake Hnagzhang,2020-12-24 00:00:00,8,7,0.158000007271766,0.15800000727176666,0.151999995112419,1.0,-6.073309326171852,1.0
train_000023,train,【Huo】Lake Hnagzhang,2020-12-25 00:00:00,8,7,0.162000000476837,0.16200000047683716,0.158000007271766,1.0,-7.067663574218727,1.0
train_000024,train,【Huo】Lake Hnagzhang,2020-12-26 00:00:00,8,7,0.165999993681907,0.16599999368190765,0.162000000476837,1.0,-0.4701293945312272,1.0
train_000025,train,【Huo】Lake Hnagzhang,2020-12-27 00:00:00,8,7,0.165999993681907,0.16599999368190765,0.165999993681907,1.0,-10.3686584472656,1.0
train_000026,train,【Huo】Lake Hnagzhang,2020-12-28 00:00:00,8,7,0.173999994993209,0.17399999499320984,0.165999993681907,1.0,-10.23471679687498,1.0
train_000027,train,【Huo】Lake Hnagzhang,2020-12-29 00:00:00,8,7,0.181999996304512,0.18199999630451202,0.173999994993209,1.0,-15.67429199218748,1.0
train_000028,train,【Huo】Lake Hnagzhang,2020-12-30 00:00:00,8,7,0.200000002980232,0.20000000298023224,0.181999996304512,1.0,-11.13577880859373,1.0
train_000029,train,【Huo】Lake Hnagzhang,2020-12-31 00:00:00,8,7,0.206000000238418,0.20600000023841858,0.200000002980232,1.0,-11.0308898925781,1.0
train_000030,train,【Huo】Lake Hnagzhang,2021-01-01 00:00:00,8,7,0.209999993443489,0.20999999344348907,0.206000000238418,1.0,-14.46610107421873,1.0
train_000031,train,【Huo】Lake Hnagzhang,2021-01-02 00:00:00,8,7,0.222000002861022,0.22200000286102295,0.209999993443489,1.0,-11.2794250488281,1.0
train_000032,train,【Huo】Lake Hnagzhang,2021-01-03 00:00:00,8,7,0.236000001430511,0.23600000143051147,0.222000002861022,1.0,-9.167730712890602,1.0
train_000033,train,【Huo】Lake Hnagzhang,2021-01-04 00:00:00,8,7,0.241999998688697,0.24199999868869781,0.236000001430511,1.0,-13.4423889160156,1.0
train_000034,train,【Huo】Lake Hnagzhang,2021-01-05 00:00:00,8,7,0.256000012159347,0.25600001215934753,0.241999998688697,1.0,-9.574682617187475,1.0
train_000035,train,【Huo】Lake Hnagzhang,2021-01-06 00:00:00,8,7,0.26800000667572,0.2680000066757202,0.256000012159347,1.0,-18.6962951660156,1.0
train_000036,train,【Huo】Lake Hnagzhang,2021-01-07 00:00:00,8,7,0.287999987602233,0.2879999876022339,0.26800000667572,1.0,-16.80472412109373,1.0
train_000037,train,【Huo】Lake Hnagzhang,2021-01-08 00:00:00,8,7,0.300000011920928,0.30000001192092896,0.287999987602233,1.0,-12.9337219238281,1.0
train_000038,train,【Huo】Lake Hnagzhang,2021-01-09 00:00:00,8,7,0.305999994277954,0.3059999942779541,0.300000011920928,1.0,-7.478826904296852,1.0
train_000039,train,【Huo】Lake Hnagzhang,2021-01-10 00:00:00,8,7,0.312000006437301,0.31200000643730164,0.305999994277954,1.0,-6.865820312499977,1.0
train_000040,train,【Huo】Lake Hnagzhang,2021-01-11 00:00:00,8,7,0.312000006437301,0.31200000643730164,0.312000006437301,1.0,-4.947241210937477,1.0
train_000041,train,【Huo】Lake Hnagzhang,2021-01-12 00:00:00,8,7,0.316000014543533,0.3160000145435333,0.312000006437301,1.0,-0.3968261718749772,1.0
train_000042,train,【Huo】Lake Hnagzhang,2021-01-13 00:00:00,8,7,0.319999992847442,0.3199999928474426,0.316000014543533,1.0,-7.589086914062477,1.0
train_000043,train,【Huo】Lake Hnagzhang,2021-01-14 00:00:00,8,7,0.324000000953674,0.3240000009536743,0.319999992847442,1.0,-4.924475097656227,1.0
train_000044,train,【Huo】Lake Hnagzhang,2021-01-15 00:00:00,8,7,0.32600000500679,0.32600000500679016,0.324000000953674,1.0,-13.48044433593748,1.0
train_000045,train,【Huo】Lake Hnagzhang,2021-01-16 00:00:00,8,7,0.32600000500679,0.32600000500679016,0.32600000500679,1.0,-9.469671630859352,1.0
train_000046,train,【Huo】Lake Hnagzhang,2021-01-17 00:00:00,8,7,0.331999987363815,0.3319999873638153,0.32600000500679,1.0,-7.987097167968727,1.0
train_000047,train,【Huo】Lake Hnagzhang,2021-01-18 00:00:00,8,7,0.337999999523162,0.33799999952316284,0.331999987363815,1.0,-15.45328369140623,1.0
train_000048,train,【Huo】Lake Hnagzhang,2021-01-19 00:00:00,8,7,0.335999995470047,0.335999995470047,0.337999999523162,1.0,0.2234130859375227,1.0
train_000049,train,【Huo】Lake Hnagzhang,2021-01-20 00:00:00,8,7,0.342000007629394,0.34200000762939453,0.335999995470047,1.0,-0.0680297851562272,1.0
train_000050,train,【Huo】Lake Hnagzhang,2021-01-21 00:00:00,8,7,0.345999985933303,0.34599998593330383,0.342000007629394,1.0,-4.894354248046852,1.0
train_000051,train,【Huo】Lake Hnagzhang,2021-01-22 00:00:00,8,7,0.354000002145767,0.3540000021457672,0.345999985933303,1.0,-8.516149902343727,1.0
train_000052,train,【Huo】Lake Hnagzhang,2021-01-23 00:00:00,8,7,0.354000002145767,0.3540000021457672,0.354000002145767,1.0,-4.888677978515602,1.0
train_000053,train,【Huo】Lake Hnagzhang,2021-01-24 00:00:00,8,7,0.351999998092651,0.35199999809265137,0.354000002145767,1.0,-2.242498779296852,1.0
train_000054,train,【Huo】Lake Hnagzhang,2021-01-25 00:00:00,8,7,0.354000002145767,0.3540000021457672,0.351999998092651,1.0,-2.156835937499977,1.0
train_000055,train,【Huo】Lake Hnagzhang,2021-01-26 00:00:00,8,7,0.351999998092651,0.35199999809265137,0.354000002145767,1.0,-6.114477539062477,1.0
train_000056,train,【Huo】Lake Hnagzhang,2021-01-27 00:00:00,8,7,0.347999989986419,0.3479999899864197,0.351999998092651,1.0,-5.521887207031227,1.0
train_000057,train,【Huo】Lake Hnagzhang,2021-01-28 00:00:00,8,7,0.347999989986419,0.3479999899864197,0.347999989986419,1.0,-14.7130187988281,1.0
train_000058,train,【Huo】Lake Hnagzhang,2021-01-29 00:00:00,8,7,0.34400001168251,0.3440000116825104,0.347999989986419,1.0,-4.763220214843727,1.0
train_000059,train,【Huo】Lake Hnagzhang,2021-01-30 00:00:00,8,7,0.342000007629394,0.34200000762939453,0.34400001168251,1.0,-11.05283203124998,1.0
train_000060,train,【Huo】Lake Hnagzhang,2021-01-31 00:00:00,8,7,0.34400001168251,0.3440000116825104,0.342000007629394,1.0,-2.066351318359352,1.0
train_000061,train,【Huo】Lake Hnagzhang,2021-02-01 00:00:00,8,7,0.342000007629394,0.34200000762939453,0.34400001168251,1.0,-13.6241516113281,1.0
train_000062,train,【Huo】Lake Hnagzhang,2021-02-02 00:00:00,8,7,0.345999985933303,0.34599998593330383,0.342000007629394,1.0,-12.32599487304685,1.0
train_000063,train,【Huo】Lake Hnagzhang,2021-02-03 00:00:00,8,7,0.345999985933303,0.34599998593330383,0.345999985933303,1.0,-10.86954345703123,1.0
train_000064,train,【Huo】Lake Hnagzhang,2021-02-04 00:00:00,8,7,0.351999998092651,0.35199999809265137,0.345999985933303,1.0,-0.0237792968749772,1.0
train_000065,train,【Huo】Lake Hnagzhang,2021-02-05 00:00:00,8,7,0.354000002145767,0.3540000021457672,0.351999998092651,1.0,-2.141119384765602,1.0
train_000066,train,【Huo】Lake Hnagzhang,2021-02-06 00:00:00,8,7,0.354000002145767,0.3540000021457672,0.354000002145767,1.0,-4.500860595703102,1.0
train_000067,train,【Huo】Lake Hnagzhang,2021-02-07 00:00:00,8,7,0.351999998092651,0.35199999809265137,0.354000002145767,1.0,-6.545050048828102,1.0
train_000068,train,【Huo】Lake Hnagzhang,2021-02-08 00:00:00,8,7,0.351999998092651,0.35199999809265137,0.351999998092651,1.0,-3.402960205078102,1.0
train_000069,train,【Huo】Lake Ulansu,2022-02-14 00:00:00,2,7,0.45772299170494,0.4577229917049408,0.453191012144088,1.0,-14.90244140624998,1.0
train_000070,train,【Huo】Lake Ulansu,2022-02-15 00:00:00,3,7,0.470705986022949,0.4707059860229492,0.45772299170494,1.0,-18.00038757324216,1.0
train_000071,train,【Huo】Lake Ulansu,2022-02-16 00:00:00,4,7,0.471183001995086,0.47118300199508667,0.470705986022949,1.0,-9.580969238281227,1.0
train_000072,train,【Huo】Lake Ulansu,2022-02-17 00:00:00,5,7,0.473057985305786,0.47305798530578613,0.471183001995086,1.0,-11.0568908691406,1.0
train_000073,train,【Huo】Lake Ulansu,2022-02-18 00:00:00,6,7,0.474611014127731,0.4746110141277313,0.473057985305786,1.0,-18.21950378417966,1.0
train_000074,train,【Huo】Lake Ulansu,2022-02-19 00:00:00,7,7,0.473951995372772,0.4739519953727722,0.474611014127731,1.0,-13.12445678710935,1.0
train_000075,train,【Huo】Lake Ulansu,2022-02-20 00:00:00,8,7,0.479059994220733,0.47905999422073364,0.473951995372772,1.0,-17.44101562499998,1.0
train_000076,train,【Huo】Lake Ulansu,2022-02-21 00:00:00,8,7,0.478278011083602,0.4782780110836029,0.479059994220733,1.0,-17.50848999023435,1.0
train_000077,train,【Huo】Lake Ulansu,2022-02-22 00:00:00,8,7,0.48039498925209,0.48039498925209045,0.478278011083602,1.0,-14.9929260253906,1.0
train_000078,train,【Huo】Lake Ulansu,2022-02-23 00:00:00,8,7,0.476859986782074,0.476859986782074,0.48039498925209,1.0,-12.29425659179685,1.0
train_000079,train,【Huo】Lake Ulansu,2022-02-24 00:00:00,8,7,0.471803992986679,0.4718039929866791,0.476859986782074,1.0,-8.931982421874977,1.0
train_000080,train,【Huo】Lake Ulansu,2022-02-25 00:00:00,8,7,0.460696995258331,0.4606969952583313,0.471803992986679,1.0,-7.632757568359352,1.0
train_000081,train,【Huo】Lake Ulansu,2022-02-26 00:00:00,8,7,0.443906992673873,0.4439069926738739,0.460696995258331,1.0,-9.138067626953102,1.0
train_000082,train,【Huo】Lake Ulansu,2022-02-27 00:00:00,8,7,0.432226985692977,0.4322269856929779,0.443906992673873,1.0,-4.667944335937477,1.0
train_000083,train,【Huo】Lake Ulansu,2022-02-28 00:00:00,8,7,0.419450998306274,0.4194509983062744,0.432226985692977,1.0,-9.221899414062475,1.0
train_000084,train,【Huo】Lake Ulansu,2022-03-01 00:00:00,8,7,0.384988993406295,0.3849889934062958,0.419450998306274,1.0,-6.842382812499977,1.0
train_000085,train,【Huo】Lake Ulansu,2022-03-02 00:00:00,8,7,0.374172002077102,0.37417200207710266,0.384988993406295,1.0,-6.700598144531227,1.0
train_000086,train,【Huo】Lake Ulansu,2022-03-03 00:00:00,8,7,0.363440990447998,0.36344099044799805,0.374172002077102,1.0,-2.804907226562477,1.0
train_000087,train,【Huo】Lake Ulansu,2022-03-04 00:00:00,8,7,0.3539400100708,0.3539400100708008,0.363440990447998,1.0,-9.293676757812475,1.0
train_000088,train,【Huo】Lake Ulansu,2022-03-05 00:00:00,8,7,0.337866991758346,0.33786699175834656,0.3539400100708,1.0,-6.499517822265602,1.0
train_000089,train,【Huo】Lake Ulansu,2022-03-06 00:00:00,8,7,0.319115996360778,0.3191159963607788,0.337866991758346,1.0,-6.476568603515602,1.0
train_000090,train,【Huo】Lake Ulansu,2022-03-07 00:00:00,8,7,0.310241997241973,0.3102419972419739,0.319115996360778,1.0,-3.270605468749977,1.0
train_000091,train,【Huo】Lake Ulansu,2022-03-08 00:00:00,8,7,0.286267012357711,0.2862670123577118,0.310241997241973,1.0,-0.5575317382812273,1.0
train_000092,train,【Huo】Lake Ulansu,2022-03-09 00:00:00,8,7,0.277218997478485,0.2772189974784851,0.286267012357711,1.0,-1.677862548828102,1.0
train_000093,train,【Huo】Lake Ulansu,2022-03-10 00:00:00,8,7,0.254379987716674,0.2543799877166748,0.277218997478485,1.0,6.235833740234398,1.0
train_000094,train,【Huo】Lake Ulansu,2022-03-11 00:00:00,8,7,0.228837996721267,0.2288379967212677,0.254379987716674,1.0,2.044122314453148,1.0
train_000095,train,【Huo】Lake Ulansu,2022-03-12 00:00:00,8,7,0.220779001712799,0.22077900171279907,0.228837996721267,1.0,3.009820556640648,1.0
train_000096,train,【Huo】Lake Ulansu,2022-03-13 00:00:00,8,7,0.192498996853828,0.19249899685382843,0.220779001712799,1.0,-0.4301818847656022,1.0
train_000097,train,【Huo】Lake Ulansu,2022-03-14 00:00:00,8,7,0.183661997318267,0.18366199731826782,0.192498996853828,1.0,3.810693359375023,1.0
train_000098,train,【Huo】Lake Ulansu,2022-03-15 00:00:00,8,7,0.114904001355171,0.1149040013551712,0.183661997318267,1.0,1.202325439453148,1.0
train_000099,train,【Huo】Lake Ulansu,2022-03-16 00:00:00,8,7,0.0938870012760162,0.09388700127601624,0.114904001355171,1.0,2.105157470703148,1.0
train_000100,train,【Huo】Lake Ulansu,2022-03-17 00:00:00,8,7,0.0690020024776458,0.06900200247764587,0.0938870012760162,1.0,1.005822753906273,1.0
train_000101,train,【Huo】Lake Ulansu,2022-11-21 00:00:00,2,7,0.0,0.0,0.0,1.0,-4.985845947265602,1.0
train_000102,train,【Huo】Lake Ulansu,2022-11-22 00:00:00,3,7,0.0,0.0,0.0,1.0,-2.494635009765602,1.0
train_000103,train,【Huo】Lake Ulansu,2022-11-23 00:00:00,4,7,0.0,0.0,0.0,1.0,-2.586920166015602,1.0
train_000104,train,【Huo】Lake Ulansu,2022-11-24 00:00:00,5,7,0.0,0.0,0.0,1.0,-2.595587158203102,1.0
train_000105,train,【Huo】Lake Ulansu,2022-11-25 00:00:00,6,7,0.0,0.0,0.0,1.0,-8.206488037109352,1.0
train_000106,train,【Huo】Lake Ulansu,2022-11-26 00:00:00,7,7,0.0,0.0,0.0,1.0,-4.777929687499977,1.0
train_000107,train,【Huo】Lake Ulansu,2022-11-27 00:00:00,8,7,0.0,0.0,0.0,1.0,-5.029394531249977,1.0
train_000108,train,【Huo】Lake Ulansu,2022-11-28 00:00:00,8,7,0.0,0.0,0.0,1.0,-19.6341613769531,1.0
train_000109,train,【Huo】Lake Ulansu,2022-11-29 00:00:00,8,7,0.032210998237133,0.032210998237133026,0.0,1.0,-20.68425598144529,1.0
train_000110,train,【Huo】Lake Ulansu,2022-11-30 00:00:00,8,7,0.0686670020222663,0.06866700202226639,0.032210998237133,1.0,-17.9133361816406,1.0
train_000111,train,【Huo】Lake Ulansu,2022-12-01 00:00:00,8,7,0.107625000178813,0.10762500017881393,0.0686670020222663,1.0,-16.14511718749998,1.0
train_000112,train,【Huo】Lake Ulansu,2022-12-02 00:00:00,8,7,0.13391700387001,0.13391700387001038,0.107625000178813,1.0,-14.62491455078123,1.0
train_000113,train,【Huo】Lake Ulansu,2022-12-03 00:00:00,8,7,0.154750004410743,0.1547500044107437,0.13391700387001,1.0,-14.64810791015623,1.0
train_000114,train,【Huo】Lake Ulansu,2022-12-04 00:00:00,8,7,0.173333004117012,0.17333300411701202,0.154750004410743,1.0,-16.4875549316406,1.0
train_000115,train,【Huo】Lake Ulansu,2022-12-05 00:00:00,8,7,0.189250007271766,0.18925000727176666,0.173333004117012,1.0,-13.38913574218748,1.0
train_000116,train,【Huo】Lake Ulansu,2022-12-06 00:00:00,8,7,0.211250007152557,0.21125000715255737,0.189250007271766,1.0,-13.7509826660156,1.0
train_000117,train,【Huo】Lake Ulansu,2022-12-07 00:00:00,8,7,0.228499993681907,0.22849999368190765,0.211250007152557,1.0,-11.4022277832031,1.0
train_000118,train,【Huo】Lake Ulansu,2022-12-08 00:00:00,8,7,0.236582994461059,0.23658299446105957,0.228499993681907,1.0,-12.08466186523435,1.0
train_000119,train,【Huo】Lake Ulansu,2022-12-09 00:00:00,8,7,0.24279199540615,0.24279199540615082,0.236582994461059,1.0,-15.70303955078123,1.0
train_000120,train,【Huo】Lake Ulansu,2022-12-10 00:00:00,8,7,0.256999999284744,0.25699999928474426,0.24279199540615,1.0,-16.8076232910156,1.0
train_000121,train,【Huo】Lake Ulansu,2022-12-11 00:00:00,8,7,0.266999989748001,0.2669999897480011,0.256999999284744,1.0,-13.0730041503906,1.0
train_000122,train,【Huo】Lake Ulansu,2022-12-12 00:00:00,8,7,0.282624989748001,0.2826249897480011,0.266999989748001,1.0,-18.43919982910154,1.0
train_000123,train,【Huo】Lake Ulansu,2022-12-13 00:00:00,8,7,0.299582988023757,0.29958298802375793,0.282624989748001,1.0,-17.51650085449216,1.0
train_000124,train,【Huo】Lake Ulansu,2022-12-14 00:00:00,8,7,0.305124998092651,0.30512499809265137,0.299582988023757,1.0,-16.46488037109373,1.0
train_000125,train,【Huo】Lake Ulansu,2022-12-15 00:00:00,8,7,0.314832985401153,0.31483298540115356,0.305124998092651,1.0,-18.26036682128904,1.0
train_000126,train,【Huo】Lake Ulansu,2022-12-16 00:00:00,8,7,0.330457985401153,0.33045798540115356,0.314832985401153,1.0,-19.53885498046873,1.0
train_000127,train,【Huo】Lake Ulansu,2022-12-17 00:00:00,8,7,0.342292010784149,0.34229201078414917,0.330457985401153,1.0,-16.29465332031248,1.0
train_000128,train,【Huo】Lake Ulansu,2022-12-18 00:00:00,8,7,0.353291988372802,0.35329198837280273,0.342292010784149,1.0,-15.04843749999998,1.0
train_000129,train,【Huo】Lake Ulansu,2022-12-19 00:00:00,8,7,0.360792011022567,0.36079201102256775,0.353291988372802,1.0,-12.08917846679685,1.0
train_000130,train,【Huo】Lake Ulansu,2022-12-20 00:00:00,8,7,0.367042005062103,0.36704200506210327,0.360792011022567,1.0,-12.89972534179685,1.0
train_000131,train,【Huo】Lake Ulansu,2022-12-21 00:00:00,8,7,0.376208007335662,0.37620800733566284,0.367042005062103,1.0,-17.34259643554685,1.0
train_000132,train,【Huo】Lake Ulansu,2022-12-22 00:00:00,8,7,0.386000007390975,0.38600000739097595,0.376208007335662,1.0,-14.77164306640623,1.0
train_000133,train,【Huo】Lake Ulansu,2022-12-23 00:00:00,8,7,0.390457987785339,0.39045798778533936,0.386000007390975,1.0,-12.29630126953123,1.0
train_000134,train,【Huo】Lake Ulansu,2022-12-24 00:00:00,8,7,0.395000010728836,0.39500001072883606,0.390457987785339,1.0,-8.920843505859352,1.0
train_000135,train,【Huo】Lake Ulansu,2022-12-25 00:00:00,8,7,0.399500012397766,0.3995000123977661,0.395000010728836,1.0,-17.21736755371091,1.0
train_000136,train,【Huo】Lake Ulansu,2022-12-26 00:00:00,8,7,0.408374994993209,0.40837499499320984,0.399500012397766,1.0,-18.58904113769529,1.0
train_000137,train,【Huo】Lake Ulansu,2022-12-27 00:00:00,8,7,0.418875008821487,0.4188750088214874,0.408374994993209,1.0,-16.49286499023435,1.0
train_000138,train,【Huo】Lake Ulansu,2022-12-28 00:00:00,8,7,0.425832986831665,0.42583298683166504,0.418875008821487,1.0,-19.24716796874998,1.0
train_000139,train,【Huo】Lake Ulansu,2022-12-29 00:00:00,8,7,0.433041989803314,0.4330419898033142,0.425832986831665,1.0,-18.3875793457031,1.0
train_000140,train,【Huo】Lake Ulansu,2022-12-30 00:00:00,8,7,0.438625007867813,0.4386250078678131,0.433041989803314,1.0,-14.42157592773435,1.0
train_000141,train,【Huo】Lake Ulansu,2022-12-31 00:00:00,8,7,0.441541999578475,0.44154199957847595,0.438625007867813,1.0,-15.47427978515623,1.0
train_000142,train,【Huo】Lake Ulansu,2023-01-01 00:00:00,8,7,0.442416995763778,0.4424169957637787,0.441541999578475,1.0,-15.5749572753906,1.0
train_000143,train,【Huo】Lake Ulansu,2023-01-02 00:00:00,8,7,0.442292004823684,0.4422920048236847,0.442416995763778,1.0,-15.0030578613281,1.0
train_000144,train,【Huo】Lake Ulansu,2023-01-03 00:00:00,8,7,0.447167009115219,0.4471670091152191,0.442292004823684,1.0,-15.45615234374998,1.0
train_000145,train,【Huo】Lake Ulansu,2023-01-04 00:00:00,8,7,0.453667014837265,0.453667014837265,0.447167009115219,1.0,-13.94992675781248,1.0
train_000146,train,【Huo】Lake Ulansu,2023-01-05 00:00:00,8,7,0.453417003154754,0.45341700315475464,0.453667014837265,1.0,-9.916082763671852,1.0
train_000147,train,【Huo】Lake Ulansu,2023-01-06 00:00:00,8,7,0.459542006254196,0.45954200625419617,0.453417003154754,1.0,-10.0753234863281,1.0
train_000148,train,【Huo】Lake Ulansu,2023-01-07 00:00:00,8,7,0.460624992847442,0.4606249928474426,0.459542006254196,1.0,-8.886114501953102,1.0
train_000149,train,【Huo】Lake Ulansu,2023-01-08 00:00:00,8,7,0.461291998624801,0.46129199862480164,0.460624992847442,1.0,-8.594610595703102,1.0
train_000150,train,【Huo】Lake Ulansu,2023-01-09 00:00:00,8,7,0.461374998092651,0.46137499809265137,0.461291998624801,1.0,-8.377264404296852,1.0
train_000151,train,【Huo】Lake Ulansu,2023-01-10 00:00:00,8,7,0.462208002805709,0.46220800280570984,0.461374998092651,1.0,-4.796209716796852,1.0
train_000152,train,【Huo】Lake Ulansu,2023-01-11 00:00:00,8,7,0.461625009775161,0.46162500977516174,0.462208002805709,1.0,-5.027105712890602,1.0
train_000153,train,【Huo】Lake Ulansu,2023-01-12 00:00:00,8,7,0.456333011388778,0.4563330113887787,0.461625009775161,1.0,-6.586126708984352,1.0
train_000154,train,【Huo】Lake Ulansu,2023-01-13 00:00:00,8,7,0.458000004291534,0.4580000042915344,0.456333011388778,1.0,-16.0025695800781,1.0
train_000155,train,【Huo】Lake Ulansu,2023-01-14 00:00:00,8,7,0.449874997138977,0.44987499713897705,0.458000004291534,1.0,-19.6901916503906,1.0
train_000156,train,【Huo】Lake Ulansu,2023-01-15 00:00:00,8,7,0.455792009830474,0.45579200983047485,0.449874997138977,1.0,-19.58078613281248,1.0
train_000157,train,【Huo】Lake Ulansu,2023-01-16 00:00:00,8,7,0.462875008583068,0.46287500858306885,0.455792009830474,1.0,-15.84061279296873,1.0
train_000158,train,【Huo】Lake Ulansu,2023-01-17 00:00:00,8,7,0.462541997432708,0.46254199743270874,0.462875008583068,1.0,-15.47330322265623,1.0
train_000159,train,【Huo】Lake Ulansu,2023-01-18 00:00:00,8,7,0.464291989803314,0.4642919898033142,0.462541997432708,1.0,-13.2844299316406,1.0
train_000160,train,【Huo】Lake Ulansu,2023-01-19 00:00:00,8,7,0.472166985273361,0.4721669852733612,0.464291989803314,1.0,-21.87482299804685,1.0
train_000161,train,【Huo】Lake Ulansu,2023-01-20 00:00:00,8,7,0.47920799255371,0.47920799255371094,0.472166985273361,1.0,-12.93854370117185,1.0
train_000162,train,【Huo】Lake Ulansu,2023-01-21 00:00:00,8,7,0.477708011865615,0.47770801186561584,0.47920799255371,1.0,-14.50845947265623,1.0
train_000163,train,【Huo】Lake Ulansu,2023-01-22 00:00:00,8,7,0.476792007684707,0.47679200768470764,0.477708011865615,1.0,-20.1680969238281,1.0
train_000164,train,【Huo】Lake Ulansu,2023-01-23 00:00:00,8,7,0.482917010784149,0.48291701078414917,0.476792007684707,1.0,-25.78464355468748,1.0
train_000165,train,【Huo】Lake Ulansu,2023-01-24 00:00:00,8,7,0.486292004585266,0.4862920045852661,0.482917010784149,1.0,-23.23923339843748,1.0
train_000166,train,【Huo】Lake Ulansu,2023-01-25 00:00:00,8,7,0.488416999578475,0.48841699957847595,0.486292004585266,1.0,-16.1486877441406,1.0
train_000167,train,【Huo】Lake Ulansu,2023-01-26 00:00:00,8,7,0.491124987602233,0.4911249876022339,0.488416999578475,1.0,-16.67478027343748,1.0
train_000168,train,【Huo】Lake Ulansu,2023-01-27 00:00:00,8,7,0.492707997560501,0.4927079975605011,0.491124987602233,1.0,-15.57877197265623,1.0
train_000169,train,【Huo】Lake Ulansu,2023-01-28 00:00:00,8,7,0.492792010307312,0.492792010307312,0.492707997560501,1.0,-12.7439025878906,1.0
train_000170,train,【Huo】Lake Ulansu,2023-01-29 00:00:00,8,7,0.494583010673522,0.49458301067352295,0.492792010307312,1.0,-9.620825195312475,1.0
train_000171,train,【Huo】Lake Ulansu,2023-01-30 00:00:00,8,7,0.495292007923126,0.4952920079231262,0.494583010673522,1.0,-7.747290039062477,1.0
train_000172,train,【Huo】Lake Ulansu,2023-01-31 00:00:00,8,7,0.495000004768371,0.4950000047683716,0.495292007923126,1.0,-13.95160522460935,1.0
train_000173,train,【Huo】Lake Ulansu,2023-02-01 00:00:00,8,7,0.495792001485824,0.4957920014858246,0.495000004768371,1.0,-10.78104248046873,1.0
train_000174,train,【Huo】Lake Ulansu,2023-02-02 00:00:00,8,7,0.495292007923126,0.4952920079231262,0.495792001485824,1.0,-9.918432617187475,1.0
train_000175,train,【Huo】Lake Ulansu,2023-02-03 00:00:00,8,7,0.495792001485824,0.4957920014858246,0.495292007923126,1.0,-14.37644042968748,1.0
train_000176,train,【Huo】Lake Ulansu,2023-02-04 00:00:00,8,7,0.495375007390975,0.49537500739097595,0.495792001485824,1.0,-8.485205078124977,1.0
train_000177,train,【Huo】Lake Ulansu,2023-02-05 00:00:00,8,7,0.494374990463256,0.49437499046325684,0.495375007390975,1.0,-9.963171386718727,1.0
train_000178,train,【Huo】Lake Ulansu,2023-02-06 00:00:00,8,7,0.48462501168251,0.4846250116825104,0.494374990463256,1.0,-5.240942382812477,1.0
train_000179,train,【Huo】Lake Ulansu,2023-02-07 00:00:00,8,7,0.481875002384185,0.4818750023841858,0.48462501168251,1.0,-8.354742431640602,1.0
train_000180,train,【Huo】Lake Ulansu,2023-02-08 00:00:00,8,7,0.47775000333786,0.4777500033378601,0.481875002384185,1.0,-4.666540527343727,1.0
train_000181,train,【IISD Experimental】Lake 239,1972-04-06 00:00:00,2,7,0.660000026226043,0.6600000262260437,0.75,1.0,-6.304785156249977,1.0
train_000182,train,【IISD Experimental】Lake 239,1973-12-18 00:00:00,2,7,0.25,0.25,0.25,1.0,-16.74661865234373,1.0
train_000183,train,【IISD Experimental】Lake 239,1974-05-01 00:00:00,2,7,0.280000001192092,0.2800000011920929,0.360000014305114,5.0,1.218896484375023,1.0
train_000184,train,【IISD Experimental】Lake 239,1974-05-03 00:00:00,3,7,0.239999994635581,0.23999999463558197,0.280000001192092,2.0,1.634851074218773,1.0
train_000185,train,【IISD Experimental】Lake 239,1974-05-07 00:00:00,3,7,0.189999997615814,0.1899999976158142,0.239999994635581,4.0,8.014489746093773,1.0
train_000186,train,【IISD Experimental】Lake 239,1985-02-20 00:00:00,2,7,0.449999988079071,0.44999998807907104,0.409999996423721,2.0,0.6732727050781477,1.0
train_000187,train,【IISD Experimental】Lake 239,1989-12-13 00:00:00,2,7,0.560000002384185,0.5600000023841858,0.310000002384185,2.0,-26.96658935546873,1.0
train_000188,train,【IISD Experimental】Lake 239,2000-03-07 00:00:00,2,7,0.439999997615814,0.4399999976158142,0.430000007152557,1.0,11.62880859375002,1.0
train_000189,train,【IISD Experimental】Lake 239,2001-12-19 00:00:00,2,7,0.170000001788139,0.17000000178813934,0.100000001490116,5.0,-8.555517578124977,1.0
train_000190,train,【IISD Experimental】Lake 239,2002-04-17 00:00:00,2,7,0.430000007152557,0.4300000071525574,0.620000004768371,5.0,5.591119384765648,1.0
train_000191,train,【IISD Experimental】Lake 239,2003-01-13 00:00:00,2,7,0.5,0.5,0.419999986886978,6.892361111111111,-20.69667663574216,1.0
train_000192,train,【IISD Experimental】Lake 239,2003-12-04 00:00:00,2,7,0.140000000596046,0.14000000059604645,0.0900000035762786,7.0,-0.6800903320312273,1.0
train_000193,train,【IISD Experimental】Lake 239,2003-12-10 00:00:00,2,7,0.25,0.25,0.140000000596046,6.0,-16.23978271484373,1.0
train_000194,train,【IISD Experimental】Lake 239,2005-12-04 00:00:00,2,7,0.170000001788139,0.17000000178813934,0.11999999731779,2.0,-18.9563049316406,1.0
train_000195,train,【IISD Experimental】Lake 302,1980-01-25 00:00:00,2,7,0.435000002384185,0.4350000023841858,0.230000004172325,3.0,-23.0894836425781,1.0
train_000196,train,【IISD Experimental】Lake 302,1989-12-13 00:00:00,2,7,0.52999997138977,0.5299999713897705,0.360000014305114,1.0,-26.96658935546873,1.0
train_000197,train,【Li】Lake Xiaoxingkai,2025-01-19 12:00:00,2,7,0.6171,0.6171000003814697,0.6196,1.0,-4.329077148,1.0
train_000198,train,【Li】Lake Xiaoxingkai,2025-01-20 12:00:00,3,7,0.6075,0.6075000166893005,0.6171,1.0,-11.02490845,1.0
train_000199,train,【Li】Lake Xiaoxingkai,2025-01-21 12:00:00,4,7,0.6165,0.6165000200271606,0.6075,1.0,-15.24448242,1.0
train_000200,train,【Li】Lake Xiaoxingkai,2025-01-22 12:00:00,5,7,0.6159,0.6158999800682068,0.6165,1.0,-11.53986206,1.0
train_000201,train,【Li】Lake Xiaoxingkai,2025-01-23 12:00:00,6,7,0.6171,0.6171000003814697,0.6159,1.0,-10.26737061,1.0
train_000202,train,【Li】Lake Xiaoxingkai,2025-01-24 12:00:00,7,7,0.6172,0.6172000169754028,0.6171,1.0,-12.11893311,1.0
train_000203,train,【Li】Lake Xiaoxingkai,2025-01-25 12:00:00,8,7,0.62,0.6200000047683716,0.6172,1.0,-10.74112549,1.0
train_000204,train,【Li】Lake Xiaoxingkai,2025-01-26 12:00:00,8,7,0.6116,0.6115999817848206,0.62,1.0,-14.43988647,1.0
train_000205,train,【Li】Lake Xiaoxingkai,2025-01-27 12:00:00,8,7,0.6174,0.6173999905586243,0.6116,1.0,-14.25107422,1.0
train_000206,train,【Li】Lake Xiaoxingkai,2025-01-28 12:00:00,8,7,0.6091,0.6090999841690063,0.6174,1.0,-10.94864502,1.0
train_000207,train,【Li】Lake Xiaoxingkai,2025-01-29 12:00:00,8,7,0.5888,0.5888000130653381,0.6091,1.0,-9.627661133,1.0
train_000208,train,【Li】Lake Xiaoxingkai,2025-01-30 12:00:00,8,7,0.5858,0.5857999920845032,0.5888,1.0,-12.02139893,1.0
train_000209,train,【Li】Lake Xiaoxingkai,2025-01-31 12:00:00,8,7,0.5944,0.5943999886512756,0.5858,1.0,-13.43918457,1.0
train_000210,train,【Li】Lake Xiaoxingkai,2025-02-01 12:00:00,8,7,0.6018,0.6018000245094299,0.5944,1.0,-14.71719971,1.0
train_000211,train,【Li】Lake Xiaoxingkai,2025-02-02 12:00:00,8,7,0.6195,0.6194999814033508,0.6018,1.0,-15.60269775,1.0
train_000212,train,【Li】Lake Xiaoxingkai,2025-02-03 12:00:00,8,7,0.6265,0.6265000104904175,0.6195,1.0,-14.81918945,1.0
train_000213,train,【Li】Lake Xiaoxingkai,2025-02-04 12:00:00,8,7,0.6328,0.6327999830245972,0.6265,1.0,-16.49039307,1.0
train_000214,train,【Li】Lake Xiaoxingkai,2025-02-05 12:00:00,8,7,0.6485,0.6485000252723694,0.6328,1.0,-16.98135986,1.0
train_000215,train,【Li】Lake Xiaoxingkai,2025-02-06 12:00:00,8,7,0.6563,0.6563000082969666,0.6485,1.0,-15.42697754,1.0
train_000216,train,【Li】Lake Xiaoxingkai,2025-02-07 12:00:00,8,7,0.6629,0.6628999710083008,0.6563,1.0,-14.79648437,1.0
train_000217,train,【Li】Lake Xiaoxingkai,2025-02-08 12:00:00,8,7,0.6708,0.670799970626831,0.6629,1.0,-7.347570801,1.0
train_000218,train,【Li】Lake Xiaoxingkai,2025-02-09 12:00:00,8,7,0.6845,0.684499979019165,0.6708,1.0,-10.5083374,1.0
train_000219,train,【Li】Lake Xiaoxingkai,2025-02-10 12:00:00,8,7,0.6817,0.6816999912261963,0.6845,1.0,-12.03327026,1.0
