window_id,split,lake_name,target_datetime,length,window_days,target_raw,target_transformed
train_000000,train,【Huo】Lake Hnagzhang,2020-12-02 00:00:00,2,45,0.0,0.0
train_000001,train,【Huo】Lake Hnagzhang,2020-12-03 00:00:00,3,45,0.0,0.0
train_000002,train,【Huo】Lake Hnagzhang,2020-12-04 00:00:00,4,45,0.006000000052154,0.006000000052154064
train_000003,train,【Huo】Lake Hnagzhang,2020-12-05 00:00:00,5,45,0.0099999997764825,0.009999999776482582
train_000004,train,【Huo】Lake Hnagzhang,2020-12-06 00:00:00,6,45,0.0160000007599592,0.01600000075995922
train_000005,train,【Huo】Lake Hnagzhang,2020-12-07 00:00:00,7,45,0.0260000005364418,0.026000000536441803
train_000006,train,【Huo】Lake Hnagzhang,2020-12-08 00:00:00,8,45,0.0299999993294477,0.029999999329447746
train_000007,train,【Huo】Lake Hnagzhang,2020-12-09 00:00:00,9,45,0.0280000008642673,0.02800000086426735
train_000008,train,【Huo】Lake Hnagzhang,2020-12-10 00:00:00,10,45,0.0280000008642673,0.02800000086426735
train_000009,train,【Huo】Lake Hnagzhang,2020-12-11 00:00:00,11,45,0.0340000018477439,0.03400000184774399
train_000010,train,【Huo】Lake Hnagzhang,2020-12-12 00:00:00,12,45,0.0419999994337558,0.041999999433755875
train_000011,train,【Huo】Lake Hnagzhang,2020-12-13 00:00:00,13,45,0.050000000745058,0.05000000074505806
train_000012,train,【Huo】Lake Hnagzhang,2020-12-14 00:00:00,14,45,0.061999998986721,0.06199999898672104
train_000013,train,【Huo】Lake Hnagzhang,2020-12-15 00:00:00,15,45,0.0799999982118606,0.07999999821186066
train_000014,train,【Huo】Lake Hnagzhang,2020-12-16 00:00:00,16,45,0.096000000834465,0.09600000083446503
train_000015,train,【Huo】Lake Hnagzhang,2020-12-17 00:00:00,17,45,0.108000002801418,0.1080000028014183
train_000016,train,【Huo】Lake Hnagzhang,2020-12-18 00:00:00,18,45,0.115999996662139,0.11599999666213989
train_000017,train,【Huo】Lake Hnagzhang,2020-12-19 00:00:00,19,45,0.131999999284744,0.13199999928474426
train_000018,train,【Huo】Lake Hnagzhang,2020-12-20 00:00:00,20,45,0.143999993801116,0.14399999380111694
train_000019,train,【Huo】Lake Hnagzhang,2020-12-21 00:00:00,21,45,0.151999995112419,0.15199999511241913
train_000020,train,【Huo】Lake Hnagzhang,2020-12-22 00:00:00,22,45,0.150000005960464,0.15000000596046448
train_000021,train,【Huo】Lake Hnagzhang,2020-12-23 00:00:00,23,45,0.151999995112419,0.15199999511241913
train_000022,train,【Huo】Lake Hnagzhang,2020-12-24 00:00:00,24,45,0.158000007271766,0.15800000727176666
train_000023,train,【Huo】Lake Hnagzhang,2020-12-25 00:00:00,25,45,0.162000000476837,0.16200000047683716
train_000024,train,【Huo】Lake Hnagzhang,2020-12-26 00:00:00,26,45,0.165999993681907,0.16599999368190765
train_000025,train,【Huo】Lake Hnagzhang,2020-12-27 00:00:00,27,45,0.165999993681907,0.16599999368190765
train_000026,train,【Huo】Lake Hnagzhang,2020-12-28 00:00:00,28,45,0.173999994993209,0.17399999499320984
train_000027,train,【Huo】Lake Hnagzhang,2020-12-29 00:00:00,29,45,0.181999996304512,0.18199999630451202
train_000028,train,【Huo】Lake Hnagzhang,2020-12-30 00:00:00,30,45,0.200000002980232,0.20000000298023224
train_000029,train,【Huo】Lake Hnagzhang,2020-12-31 00:00:00,31,45,0.206000000238418,0.20600000023841858
train_000030,train,【Huo】Lake Hnagzhang,2021-01-01 00:00:00,32,45,0.209999993443489,0.20999999344348907
train_000031,train,【Huo】Lake Hnagzhang,2021-01-02 00:00:00,33,45,0.222000002861022,0.22200000286102295
train_000032,train,【Huo】Lake Hnagzhang,2021-01-03 00:00:00,34,45,0.236000001430511,0.23600000143051147
train_000033,train,【Huo】Lake Hnagzhang,2021-01-04 00:00:00,35,45,0.241999998688697,0.24199999868869781
train_000034,train,【Huo】Lake Hnagzhang,2021-01-05 00:00:00,36,45,0.256000012159347,0.25600001215934753
train_000035,train,【Huo】Lake Hnagzhang,2021-01-06 00:00:00,37,45,0.26800000667572,0.2680000066757202
train_000036,train,【Huo】Lake Hnagzhang,2021-01-07 00:00:00,38,45,0.287999987602233,0.2879999876022339
train_000037,train,【Huo】Lake Hnagzhang,2021-01-08 00:00:00,39,45,0.300000011920928,0.30000001192092896
train_000038,train,【Huo】Lake Hnagzhang,2021-01-09 00:00:00,40,45,0.305999994277954,0.3059999942779541
train_000039,train,【Huo】Lake Hnagzhang,2021-01-10 00:00:00,41,45,0.312000006437301,0.31200000643730164
train_000040,train,【Huo】Lake Hnagzhang,2021-01-11 00:00:00,42,45,0.312000006437301,0.31200000643730164
train_000041,train,【Huo】Lake Hnagzhang,2021-01-12 00:00:00,43,45,0.316000014543533,0.3160000145435333
train_000042,train,【Huo】Lake Hnagzhang,2021-01-13 00:00:00,44,45,0.319999992847442,0.3199999928474426
train_000043,train,【Huo】Lake Hnagzhang,2021-01-14 00:00:00,45,45,0.324000000953674,0.3240000009536743
train_000044,train,【Huo】Lake Hnagzhang,2021-01-15 00:00:00,46,45,0.32600000500679,0.32600000500679016
train_000045,train,【Huo】Lake Hnagzhang,2021-01-16 00:00:00,46,45,0.32600000500679,0.32600000500679016
train_000046,train,【Huo】Lake Hnagzhang,2021-01-17 00:00:00,46,45,0.331999987363815,0.3319999873638153
train_000047,train,【Huo】Lake Hnagzhang,2021-01-18 00:00:00,46,45,0.337999999523162,0.33799999952316284
train_000048,train,【Huo】Lake Hnagzhang,2021-01-19 00:00:00,46,45,0.335999995470047,0.335999995470047
train_000049,train,【Huo】Lake Hnagzhang,2021-01-20 00:00:00,46,45,0.342000007629394,0.34200000762939453
train_000050,train,【Huo】Lake Hnagzhang,2021-01-21 00:00:00,46,45,0.345999985933303,0.34599998593330383
train_000051,train,【Huo】Lake Hnagzhang,2021-01-22 00:00:00,46,45,0.354000002145767,0.3540000021457672
train_000052,train,【Huo】Lake Hnagzhang,2021-01-23 00:00:00,46,45,0.354000002145767,0.3540000021457672
train_000053,train,【Huo】Lake Hnagzhang,2021-01-24 00:00:00,46,45,0.351999998092651,0.35199999809265137
train_000054,train,【Huo】Lake Hnagzhang,2021-01-25 00:00:00,46,45,0.354000002145767,0.3540000021457672
train_000055,train,【Huo】Lake Hnagzhang,2021-01-26 00:00:00,46,45,0.351999998092651,0.35199999809265137
train_000056,train,【Huo】Lake Hnagzhang,2021-01-27 00:00:00,46,45,0.347999989986419,0.3479999899864197
train_000057,train,【Huo】Lake Hnagzhang,2021-01-28 00:00:00,46,45,0.347999989986419,0.3479999899864197
train_000058,train,【Huo】Lake Hnagzhang,2021-01-29 00:00:00,46,45,0.34400001168251,0.3440000116825104
train_000059,train,【Huo】Lake Hnagzhang,2021-01-30 00:00:00,46,45,0.342000007629394,0.34200000762939453
train_000060,train,【Huo】Lake Hnagzhang,2021-01-31 00:00:00,46,45,0.34400001168251,0.3440000116825104
train_000061,train,【Huo】Lake Hnagzhang,2021-02-01 00:00:00,46,45,0.342000007629394,0.34200000762939453
train_000062,train,【Huo】Lake Hnagzhang,2021-02-02 00:00:00,46,45,0.345999985933303,0.34599998593330383
train_000063,train,【Huo】Lake Hnagzhang,2021-02-03 00:00:00,46,45,0.345999985933303,0.34599998593330383
train_000064,train,【Huo】Lake Hnagzhang,2021-02-04 00:00:00,46,45,0.351999998092651,0.35199999809265137
train_000065,train,【Huo】Lake Hnagzhang,2021-02-05 00:00:00,46,45,0.354000002145767,0.3540000021457672
train_000066,train,【Huo】Lake Hnagzhang,2021-02-06 00:00:00,46,45,0.354000002145767,0.3540000021457672
train_000067,train,【Huo】Lake Hnagzhang,2021-02-07 00:00:00,46,45,0.351999998092651,0.35199999809265137
train_000068,train,【Huo】Lake Hnagzhang,2021-02-08 00:00:00,46,45,0.351999998092651,0.35199999809265137
train_000069,train,【Huo】Lake Hnagzhang,2021-02-09 00:00:00,46,45,0.354000002145767,0.3540000021457672
train_000070,train,【Huo】Lake Hnagzhang,2021-02-10 00:00:00,46,45,0.356000006198883,0.35600000619888306
train_000071,train,【Huo】Lake Hnagzhang,2021-02-11 00:00:00,46,45,0.356000006198883,0.35600000619888306
train_000072,train,【Huo】Lake Hnagzhang,2021-02-12 00:00:00,46,45,0.354000002145767,0.3540000021457672
train_000073,train,【Huo】Lake Hnagzhang,2021-02-13 00:00:00,46,45,0.349999994039535,0.3499999940395355
train_000074,train,【Huo】Lake Hnagzhang,2021-02-14 00:00:00,46,45,0.349999994039535,0.3499999940395355
train_000075,train,【Huo】Lake Hnagzhang,2021-02-15 00:00:00,46,45,0.345999985933303,0.34599998593330383
train_000076,train,【Huo】Lake Hnagzhang,2021-02-16 00:00:00,46,45,0.342000007629394,0.34200000762939453
train_000077,train,【Huo】Lake Hnagzhang,2021-02-17 00:00:00,46,45,0.345999985933303,0.34599998593330383
train_000078,train,【Huo】Lake Hnagzhang,2021-02-18 00:00:00,46,45,0.342000007629394,0.34200000762939453
train_000079,train,【Huo】Lake Hnagzhang,2021-02-19 00:00:00,46,45,0.34400001168251,0.3440000116825104
train_000080,train,【Huo】Lake Hnagzhang,2021-02-20 00:00:00,46,45,0.331999987363815,0.3319999873638153
train_000081,train,【Huo】Lake Hnagzhang,2021-02-21 00:00:00,46,45,0.331999987363815,0.3319999873638153
train_000082,train,【Huo】Lake Hnagzhang,2021-02-22 00:00:00,46,45,0.32600000500679,0.32600000500679016
train_000083,train,【Huo】Lake Hnagzhang,2021-02-23 00:00:00,46,45,0.319999992847442,0.3199999928474426
train_000084,train,【Huo】Lake Hnagzhang,2021-02-24 00:00:00,46,45,0.303999990224838,0.30399999022483826
train_000085,train,【Huo】Lake Hnagzhang,2021-02-25 00:00:00,46,45,0.301999986171722,0.3019999861717224
train_000086,train,【Huo】Lake Hnagzhang,2021-02-26 00:00:00,46,45,0.300000011920928,0.30000001192092896
train_000087,train,【Huo】Lake Hnagzhang,2021-02-27 00:00:00,46,45,0.287999987602233,0.2879999876022339
train_000088,train,【Huo】Lake Hnagzhang,2021-02-28 00:00:00,46,45,0.277999997138977,0.27799999713897705
train_000089,train,【Huo】Lake Ulansu,2022-02-14 00:00:00,2,45,0.45772299170494,0.4577229917049408
train_000090,train,【Huo】Lake Ulansu,2022-02-15 00:00:00,3,45,0.470705986022949,0.4707059860229492
train_000091,train,【Huo】Lake Ulansu,2022-02-16 00:00:00,4,45,0.471183001995086,0.47118300199508667
train_000092,train,【Huo】Lake Ulansu,2022-02-17 00:00:00,5,45,0.473057985305786,0.47305798530578613
train_000093,train,【Huo】Lake Ulansu,2022-02-18 00:00:00,6,45,0.474611014127731,0.4746110141277313
train_000094,train,【Huo】Lake Ulansu,2022-02-19 00:00:00,7,45,0.473951995372772,0.4739519953727722
train_000095,train,【Huo】Lake Ulansu,2022-02-20 00:00:00,8,45,0.479059994220733,0.47905999422073364
train_000096,train,【Huo】Lake Ulansu,2022-02-21 00:00:00,9,45,0.478278011083602,0.4782780110836029
train_000097,train,【Huo】Lake Ulansu,2022-02-22 00:00:00,10,45,0.48039498925209,0.48039498925209045
train_000098,train,【Huo】Lake Ulansu,2022-02-23 00:00:00,11,45,0.476859986782074,0.476859986782074
train_000099,train,【Huo】Lake Ulansu,2022-02-24 00:00:00,12,45,0.471803992986679,0.4718039929866791
train_000100,train,【Huo】Lake Ulansu,2022-02-25 00:00:00,13,45,0.460696995258331,0.4606969952583313
train_000101,train,【Huo】Lake Ulansu,2022-02-26 00:00:00,14,45,0.443906992673873,0.4439069926738739
train_000102,train,【Huo】Lake Ulansu,2022-02-27 00:00:00,15,45,0.432226985692977,0.4322269856929779
train_000103,train,【Huo】Lake Ulansu,2022-02-28 00:00:00,16,45,0.419450998306274,0.4194509983062744
train_000104,train,【Huo】Lake Ulansu,2022-03-01 00:00:00,17,45,0.384988993406295,0.3849889934062958
train_000105,train,【Huo】Lake Ulansu,2022-03-02 00:00:00,18,45,0.374172002077102,0.37417200207710266
train_000106,train,【Huo】Lake Ulansu,2022-03-03 00:00:00,19,45,0.363440990447998,0.36344099044799805
train_000107,train,【Huo】Lake Ulansu,2022-03-04 00:00:00,20,45,0.3539400100708,0.3539400100708008
train_000108,train,【Huo】Lake Ulansu,2022-03-05 00:00:00,21,45,0.337866991758346,0.33786699175834656
train_000109,train,【Huo】Lake Ulansu,2022-03-06 00:00:00,22,45,0.319115996360778,0.3191159963607788
train_000110,train,【Huo】Lake Ulansu,2022-03-07 00:00:00,23,45,0.310241997241973,0.3102419972419739
train_000111,train,【Huo】Lake Ulansu,2022-03-08 00:00:00,24,45,0.286267012357711,0.2862670123577118
train_000112,train,【Huo】Lake Ulansu,2022-03-09 00:00:00,25,45,0.277218997478485,0.2772189974784851
train_000113,train,【Huo】Lake Ulansu,2022-03-10 00:00:00,26,45,0.254379987716674,0.2543799877166748
train_000114,train,【Huo】Lake Ulansu,2022-03-11 00:00:00,27,45,0.228837996721267,0.2288379967212677
train_000115,train,【Huo】Lake Ulansu,2022-03-12 00:00:00,28,45,0.220779001712799,0.22077900171279907
train_000116,train,【Huo】Lake Ulansu,2022-03-13 00:00:00,29,45,0.192498996853828,0.19249899685382843
train_000117,train,【Huo】Lake Ulansu,2022-03-14 00:00:00,30,45,0.183661997318267,0.18366199731826782
train_000118,train,【Huo】Lake Ulansu,2022-03-15 00:00:00,31,45,0.114904001355171,0.1149040013551712
train_000119,train,【Huo】Lake Ulansu,2022-03-16 00:00:00,32,45,0.0938870012760162,0.09388700127601624
train_000120,train,【Huo】Lake Ulansu,2022-03-17 00:00:00,33,45,0.0690020024776458,0.06900200247764587
train_000121,train,【Huo】Lake Ulansu,2022-11-21 00:00:00,2,45,0.0,0.0
train_000122,train,【Huo】Lake Ulansu,2022-11-22 00:00:00,3,45,0.0,0.0
train_000123,train,【Huo】Lake Ulansu,2022-11-23 00:00:00,4,45,0.0,0.0
train_000124,train,【Huo】Lake Ulansu,2022-11-24 00:00:00,5,45,0.0,0.0
train_000125,train,【Huo】Lake Ulansu,2022-11-25 00:00:00,6,45,0.0,0.0
train_000126,train,【Huo】Lake Ulansu,2022-11-26 00:00:00,7,45,0.0,0.0
train_000127,train,【Huo】Lake Ulansu,2022-11-27 00:00:00,8,45,0.0,0.0
train_000128,train,【Huo】Lake Ulansu,2022-11-28 00:00:00,9,45,0.0,0.0
train_000129,train,【Huo】Lake Ulansu,2022-11-29 00:00:00,10,45,0.032210998237133,0.032210998237133026
train_000130,train,【Huo】Lake Ulansu,2022-11-30 00:00:00,11,45,0.0686670020222663,0.06866700202226639
train_000131,train,【Huo】Lake Ulansu,2022-12-01 00:00:00,12,45,0.107625000178813,0.10762500017881393
train_000132,train,【Huo】Lake Ulansu,2022-12-02 00:00:00,13,45,0.13391700387001,0.13391700387001038
train_000133,train,【Huo】Lake Ulansu,2022-12-03 00:00:00,14,45,0.154750004410743,0.1547500044107437
train_000134,train,【Huo】Lake Ulansu,2022-12-04 00:00:00,15,45,0.173333004117012,0.17333300411701202
train_000135,train,【Huo】Lake Ulansu,2022-12-05 00:00:00,16,45,0.189250007271766,0.18925000727176666
train_000136,train,【Huo】Lake Ulansu,2022-12-06 00:00:00,17,45,0.211250007152557,0.21125000715255737
train_000137,train,【Huo】Lake Ulansu,2022-12-07 00:00:00,18,45,0.228499993681907,0.22849999368190765
train_000138,train,【Huo】Lake Ulansu,2022-12-08 00:00:00,19,45,0.236582994461059,0.23658299446105957
train_000139,train,【Huo】Lake Ulansu,2022-12-09 00:00:00,20,45,0.24279199540615,0.24279199540615082
train_000140,train,【Huo】Lake Ulansu,2022-12-10 00:00:00,21,45,0.256999999284744,0.25699999928474426
train_000141,train,【Huo】Lake Ulansu,2022-12-11 00:00:00,22,45,0.266999989748001,0.2669999897480011
train_000142,train,【Huo】Lake Ulansu,2022-12-12 00:00:00,23,45,0.282624989748001,0.2826249897480011
train_000143,train,【Huo】Lake Ulansu,2022-12-13 00:00:00,24,45,0.299582988023757,0.29958298802375793
train_000144,train,【Huo】Lake Ulansu,2022-12-14 00:00:00,25,45,0.305124998092651,0.30512499809265137
train_000145,train,【Huo】Lake Ulansu,2022-12-15 00:00:00,26,45,0.314832985401153,0.31483298540115356
train_000146,train,【Huo】Lake Ulansu,2022-12-16 00:00:00,27,45,0.330457985401153,0.33045798540115356
train_000147,train,【Huo】Lake Ulansu,2022-12-17 00:00:00,28,45,0.342292010784149,0.34229201078414917
train_000148,train,【Huo】Lake Ulansu,2022-12-18 00:00:00,29,45,0.353291988372802,0.35329198837280273
train_000149,train,【Huo】Lake Ulansu,2022-12-19 00:00:00,30,45,0.360792011022567,0.36079201102256775
train_000150,train,【Huo】Lake Ulansu,2022-12-20 00:00:00,31,45,0.367042005062103,0.36704200506210327
train_000151,train,【Huo】Lake Ulansu,2022-12-21 00:00:00,32,45,0.376208007335662,0.37620800733566284
train_000152,train,【Huo】Lake Ulansu,2022-12-22 00:00:00,33,45,0.386000007390975,0.38600000739097595
train_000153,train,【Huo】Lake Ulansu,2022-12-23 00:00:00,34,45,0.390457987785339,0.39045798778533936
train_000154,train,【Huo】Lake Ulansu,2022-12-24 00:00:00,35,45,0.395000010728836,0.39500001072883606
train_000155,train,【Huo】Lake Ulansu,2022-12-25 00:00:00,36,45,0.399500012397766,0.3995000123977661
train_000156,train,【Huo】Lake Ulansu,2022-12-26 00:00:00,37,45,0.408374994993209,0.40837499499320984
train_000157,train,【Huo】Lake Ulansu,2022-12-27 00:00:00,38,45,0.418875008821487,0.4188750088214874
train_000158,train,【Huo】Lake Ulansu,2022-12-28 00:00:00,39,45,0.425832986831665,0.42583298683166504
train_000159,train,【Huo】Lake Ulansu,2022-12-29 00:00:00,40,45,0.433041989803314,0.4330419898033142
train_000160,train,【Huo】Lake Ulansu,2022-12-30 00:00:00,41,45,0.438625007867813,0.4386250078678131
train_000161,train,【Huo】Lake Ulansu,2022-12-31 00:00:00,42,45,0.441541999578475,0.44154199957847595
train_000162,train,【Huo】Lake Ulansu,2023-01-01 00:00:00,43,45,0.442416995763778,0.4424169957637787
train_000163,train,【Huo】Lake Ulansu,2023-01-02 00:00:00,44,45,0.442292004823684,0.4422920048236847
train_000164,train,【Huo】Lake Ulansu,2023-01-03 00:00:00,45,45,0.447167009115219,0.4471670091152191
train_000165,train,【Huo】Lake Ulansu,2023-01-04 00:00:00,46,45,0.453667014837265,0.453667014837265
train_000166,train,【Huo】Lake Ulansu,2023-01-05 00:00:00,46,45,0.453417003154754,0.45341700315475464
train_000167,train,【Huo】Lake Ulansu,2023-01-06 00:00:00,46,45,0.459542006254196,0.45954200625419617
train_000168,train,【Huo】Lake Ulansu,2023-01-07 00:00:00,46,45,0.460624992847442,0.4606249928474426
train_000169,train,【Huo】Lake Ulansu,2023-01-08 00:00:00,46,45,0.461291998624801,0.46129199862480164
train_000170,train,【Huo】Lake Ulansu,2023-01-09 00:00:00,46,45,0.461374998092651,0.46137499809265137
train_000171,train,【Huo】Lake Ulansu,2023-01-10 00:00:00,46,45,0.462208002805709,0.46220800280570984
train_000172,train,【Huo】Lake Ulansu,2023-01-11 00:00:00,46,45,0.461625009775161,0.46162500977516174
train_000173,train,【Huo】Lake Ulansu,2023-01-12 00:00:00,46,45,0.456333011388778,0.4563330113887787
train_000174,train,【Huo】Lake Ulansu,2023-01-13 00:00:00,46,45,0.458000004291534,0.4580000042915344
train_000175,train,【Huo】Lake Ulansu,2023-01-14 00:00:00,46,45,0.449874997138977,0.44987499713897705
train_000176,train,【Huo】Lake Ulansu,2023-01-15 00:00:00,46,45,0.455792009830474,0.45579200983047485
train_000177,train,【Huo】Lake Ulansu,2023-01-16 00:00:00,46,45,0.462875008583068,0.46287500858306885
train_000178,train,【Huo】Lake Ulansu,2023-01-17 00:00:00,46,45,0.462541997432708,0.46254199743270874
train_000179,train,【Huo】Lake Ulansu,2023-01-18 00:00:00,46,45,0.464291989803314,0.4642919898033142
train_000180,train,【Huo】Lake Ulansu,2023-01-19 00:00:00,46,45,0.472166985273361,0.4721669852733612
train_000181,train,【Huo】Lake Ulansu,2023-01-20 00:00:00,46,45,0.47920799255371,0.47920799255371094
train_000182,train,【Huo】Lake Ulansu,2023-01-21 00:00:00,46,45,0.477708011865615,0.47770801186561584
train_000183,train,【Huo】Lake Ulansu,2023-01-22 00:00:00,46,45,0.476792007684707,0.47679200768470764
train_000184,train,【Huo】Lake Ulansu,2023-01-23 00:00:00,46,45,0.482917010784149,0.48291701078414917
train_000185,train,【Huo】Lake Ulansu,2023-01-24 00:00:00,46,45,0.486292004585266,0.4862920045852661
train_000186,train,【Huo】Lake Ulansu,2023-01-25 00:00:00,46,45,0.488416999578475,0.48841699957847595
train_000187,train,【Huo】Lake Ulansu,2023-01-26 00:00:00,46,45,0.491124987602233,0.4911249876022339
train_000188,train,【Huo】Lake Ulansu,2023-01-27 00:00:00,46,45,0.492707997560501,0.4927079975605011
train_000189,train,【Huo】Lake Ulansu,2023-01-28 00:00:00,46,45,0.492792010307312,0.492792010307312
train_000190,train,【Huo】Lake Ulansu,2023-01-29 00:00:00,46,45,0.494583010673522,0.49458301067352295
train_000191,train,【Huo】Lake Ulansu,2023-01-30 00:00:00,46,45,0.495292007923126,0.4952920079231262
train_000192,train,【Huo】Lake Ulansu,2023-01-31 00:00:00,46,45,0.495000004768371,0.4950000047683716
train_000193,train,【Huo】Lake Ulansu,2023-02-01 00:00:00,46,45,0.495792001485824,0.4957920014858246
train_000194,train,【Huo】Lake Ulansu,2023-02-02 00:00:00,46,45,0.495292007923126,0.4952920079231262
train_000195,train,【Huo】Lake Ulansu,2023-02-03 00:00:00,46,45,0.495792001485824,0.4957920014858246
train_000196,train,【Huo】Lake Ulansu,2023-02-04 00:00:00,46,45,0.495375007390975,0.49537500739097595
train_000197,train,【Huo】Lake Ulansu,2023-02-05 00:00:00,46,45,0.494374990463256,0.49437499046325684
train_000198,train,【Huo】Lake Ulansu,2023-02-06 00:00:00,46,45,0.48462501168251,0.4846250116825104
train_000199,train,【Huo】Lake Ulansu,2023-02-07 00:00:00,46,45,0.481875002384185,0.4818750023841858
train_000200,train,【Huo】Lake Ulansu,2023-02-08 00:00:00,46,45,0.47775000333786,0.4777500033378601
train_000201,train,【Huo】Lake Ulansu,2023-02-09 00:00:00,46,45,0.474500000476837,0.47450000047683716
train_000202,train,【Huo】Lake Ulansu,2023-02-10 00:00:00,46,45,0.4757080078125,0.4757080078125
train_000203,train,【Huo】Lake Ulansu,2023-02-11 00:00:00,46,45,0.475125014781951,0.4751250147819519
train_000204,train,【Huo】Lake Ulansu,2023-02-12 00:00:00,46,45,0.478125005960464,0.4781250059604645
train_000205,train,【Huo】Lake Ulansu,2023-02-13 00:00:00,46,45,0.483541995286941,0.48354199528694153
train_000206,train,【Huo】Lake Ulansu,2023-02-14 00:00:00,46,45,0.480666995048522,0.48066699504852295
train_000207,train,【Huo】Lake Ulansu,2023-02-15 00:00:00,46,45,0.478792011737823,0.4787920117378235
train_000208,train,【Huo】Lake Ulansu,2023-02-16 00:00:00,46,45,0.465083003044128,0.4650830030441284
train_000209,train,【Huo】Lake Ulansu,2023-02-17 00:00:00,46,45,0.447667002677917,0.4476670026779175
train_000210,train,【Huo】Lake Ulansu,2023-02-18 00:00:00,46,45,0.429917007684707,0.42991700768470764
train_000211,train,【Huo】Lake Ulansu,2023-02-19 00:00:00,46,45,0.431333005428314,0.4313330054283142
train_000212,train,【Huo】Lake Ulansu,2023-02-20 00:00:00,46,45,0.430833011865615,0.43083301186561584
train_000213,train,【Huo】Lake Ulansu,2023-02-21 00:00:00,46,45,0.426041990518569,0.42604199051856995
train_000214,train,【Huo】Lake Ulansu,2023-02-22 00:00:00,46,45,0.422333002090454,0.4223330020904541
train_000215,train,【Huo】Lake Ulansu,2023-02-23 00:00:00,46,45,0.420042008161544,0.4200420081615448
train_000216,train,【Huo】Lake Ulansu,2023-02-24 00:00:00,46,45,0.416792005300521,0.41679200530052185
train_000217,train,【Huo】Lake Ulansu,2023-02-25 00:00:00,46,45,0.409207999706268,0.4092079997062683
train_000218,train,【Huo】Lake Ulansu,2023-02-26 00:00:00,46,45,0.406042009592056,0.4060420095920563
train_000219,train,【Huo】Lake Ulansu,2023-02-27 00:00:00,46,45,0.402332991361618,0.40233299136161804
train_000220,train,【Huo】Lake Ulansu,2023-02-28 00:00:00,46,45,0.397749990224838,0.39774999022483826
train_000221,train,【Huo】Lake Ulansu,2023-03-01 00:00:00,46,45,0.388792008161544,0.3887920081615448
train_000222,train,【Huo】Lake Ulansu,2023-03-02 00:00:00,46,45,0.369417011737823,0.3694170117378235
train_000223,train,【Huo】Lake Ulansu,2023-03-03 00:00:00,46,45,0.356375008821487,0.3563750088214874
train_000224,train,【Huo】Lake Ulansu,2023-03-04 00:00:00,46,45,0.344500005245208,0.34450000524520874
train_000225,train,【Huo】Lake Ulansu,2023-03-05 00:00:00,46,45,0.337792009115219,0.3377920091152191
train_000226,train,【Huo】Lake Ulansu,2023-03-06 00:00:00,46,45,0.331916987895965,0.3319169878959656
train_000227,train,【Huo】Lake Ulansu,2023-03-07 00:00:00,46,45,0.328207999467849,0.32820799946784973
train_000228,train,【Huo】Lake Ulansu,2023-03-08 00:00:00,46,45,0.327542006969451,0.3275420069694519
train_000229,train,【Huo】Lake Ulansu,2023-03-09 00:00:00,46,45,0.319833010435104,0.31983301043510437
train_000230,train,【Huo】Lake Ulansu,2023-03-10 00:00:00,46,45,0.296416997909545,0.2964169979095459
train_000231,train,【Huo】Lake Ulansu,2023-03-11 00:00:00,46,45,0.265374988317489,0.2653749883174896
train_000232,train,【Huo】Lake Ulansu,2023-03-12 00:00:00,46,45,0.242541998624801,0.24254199862480164
train_000233,train,【IISD Experimental】Lake 239,1970-04-07 00:00:00,2,45,0.6700000166893,0.6700000166893005
train_000234,train,【IISD Experimental】Lake 239,1971-02-23 00:00:00,2,45,0.519999980926513,0.5199999809265137
train_000235,train,【IISD Experimental】Lake 239,1971-03-30 00:00:00,2,45,0.699999988079071,0.699999988079071
train_000236,train,【IISD Experimental】Lake 239,1971-04-21 00:00:00,2,45,0.230000004172325,0.23000000417232513
train_000237,train,【IISD Experimental】Lake 239,1972-04-06 00:00:00,2,45,0.660000026226043,0.6600000262260437
train_000238,train,【IISD Experimental】Lake 239,1972-12-11 00:00:00,2,45,0.389999985694885,0.38999998569488525
train_000239,train,【IISD Experimental】Lake 239,1973-01-22 00:00:00,2,45,0.600000023841857,0.6000000238418579
train_000240,train,【IISD Experimental】Lake 239,1973-02-01 00:00:00,2,45,0.649999976158142,0.6499999761581421
train_000241,train,【IISD Experimental】Lake 239,1973-12-18 00:00:00,2,45,0.25,0.25
train_000242,train,【IISD Experimental】Lake 239,1974-01-22 00:00:00,3,45,0.25,0.25
train_000243,train,【IISD Experimental】Lake 239,1974-02-25 00:00:00,2,45,0.560000002384185,0.5600000023841858
train_000244,train,【IISD Experimental】Lake 239,1974-04-01 00:00:00,2,45,0.5,0.5
train_000245,train,【IISD Experimental】Lake 239,1974-04-26 00:00:00,2,45,0.360000014305114,0.36000001430511475
train_000246,train,【IISD Experimental】Lake 239,1974-05-01 00:00:00,3,45,0.280000001192092,0.2800000011920929
train_000247,train,【IISD Experimental】Lake 239,1974-05-03 00:00:00,4,45,0.239999994635581,0.23999999463558197
train_000248,train,【IISD Experimental】Lake 239,1974-05-07 00:00:00,5,45,0.189999997615814,0.1899999976158142
train_000249,train,【IISD Experimental】Lake 239,1981-01-02 00:00:00,2,45,0.349999994039535,0.3499999940395355
train_000250,train,【IISD Experimental】Lake 239,1981-01-12 00:00:00,3,45,0.400000005960464,0.4000000059604645
train_000251,train,【IISD Experimental】Lake 239,1981-01-26 00:00:00,3,45,0.449999988079071,0.44999998807907104
train_000252,train,【IISD Experimental】Lake 239,1981-02-10 00:00:00,4,45,0.52999997138977,0.5299999713897705
train_000253,train,【IISD Experimental】Lake 239,1981-02-23 00:00:00,4,45,0.589999973773956,0.5899999737739563
train_000254,train,【IISD Experimental】Lake 239,1981-03-16 00:00:00,3,45,0.660000026226043,0.6600000262260437
train_000255,train,【IISD Experimental】Lake 239,1982-01-12 00:00:00,2,45,0.330000013113021,0.33000001311302185
train_000256,train,【IISD Experimental】Lake 239,1982-02-09 00:00:00,2,45,0.469999998807907,0.4699999988079071
train_000257,train,【IISD Experimental】Lake 239,1982-03-09 00:00:00,2,45,0.560000002384185,0.5600000023841858
train_000258,train,【IISD Experimental】Lake 239,1983-01-11 00:00:00,2,45,0.449999988079071,0.44999998807907104
train_000259,train,【IISD Experimental】Lake 239,1983-02-15 00:00:00,2,45,0.490000009536743,0.49000000953674316
train_000260,train,【IISD Experimental】Lake 239,1983-03-15 00:00:00,2,45,0.479999989271163,0.47999998927116394
train_000261,train,【IISD Experimental】Lake 239,1985-01-01 00:00:00,2,45,0.409999996423721,0.4099999964237213
train_000262,train,【IISD Experimental】Lake 239,1985-02-20 00:00:00,2,45,0.449999988079071,0.44999998807907104
train_000263,train,【IISD Experimental】Lake 239,1986-01-20 00:00:00,2,45,0.310000002384185,0.3100000023841858
train_000264,train,【IISD Experimental】Lake 239,1988-02-21 00:00:00,2,45,0.5,0.5
train_000265,train,【IISD Experimental】Lake 239,1988-03-21 00:00:00,2,45,0.479999989271163,0.47999998927116394
train_000266,train,【IISD Experimental】Lake 239,1989-01-16 00:00:00,2,45,0.540000021457672,0.5400000214576721
train_000267,train,【IISD Experimental】Lake 239,1989-02-20 00:00:00,2,45,0.629999995231628,0.6299999952316284
train_000268,train,【IISD Experimental】Lake 239,1989-03-20 00:00:00,2,45,0.689999997615814,0.6899999976158142
train_000269,train,【IISD Experimental】Lake 239,1989-12-13 00:00:00,2,45,0.560000002384185,0.5600000023841858
train_000270,train,【IISD Experimental】Lake 239,1994-03-21 00:00:00,2,45,0.610000014305114,0.6100000143051147
train_000271,train,【IISD Experimental】Lake 239,2000-03-07 00:00:00,2,45,0.439999997615814,0.4399999976158142
train_000272,train,【IISD Experimental】Lake 239,2000-03-21 00:00:00,3,45,0.400000005960464,0.4000000059604645
train_000273,train,【IISD Experimental】Lake 239,2001-01-25 00:00:00,2,45,0.370000004768371,0.3700000047683716
train_000274,train,【IISD Experimental】Lake 239,2001-02-16 00:00:00,2,45,0.52999997138977,0.5299999713897705
train_000275,train,【IISD Experimental】Lake 239,2001-03-06 00:00:00,3,45,0.550000011920929,0.550000011920929
train_000276,train,【IISD Experimental】Lake 239,2001-04-17 00:00:00,2,45,0.519999980926513,0.5199999809265137
train_000277,train,【IISD Experimental】Lake 239,2001-12-19 00:00:00,2,45,0.170000001788139,0.17000000178813934
train_000278,train,【IISD Experimental】Lake 239,2002-01-07 09:00:00,3,45,0.379999995231628,0.3799999952316284
train_000279,train,【IISD Experimental】Lake 239,2002-01-15 00:00:00,4,45,0.349999994039535,0.3499999940395355
train_000280,train,【IISD Experimental】Lake 239,2002-02-13 00:00:00,3,45,0.52999997138977,0.5299999713897705
train_000281,train,【IISD Experimental】Lake 239,2002-03-11 14:20:00,2,45,0.610000014305114,0.6100000143051147
train_000282,train,【IISD Experimental】Lake 239,2002-03-25 00:00:00,3,45,0.610000014305114,0.6100000143051147
train_000283,train,【IISD Experimental】Lake 239,2002-04-12 00:00:00,3,45,0.620000004768371,0.6200000047683716
train_000284,train,【IISD Experimental】Lake 239,2002-04-17 00:00:00,4,45,0.430000007152557,0.4300000071525574
train_000285,train,【IISD Experimental】Lake 239,2002-12-12 00:00:00,2,45,0.310000002384185,0.3100000023841858
train_000286,train,【IISD Experimental】Lake 239,2003-01-06 02:35:00,3,45,0.419999986886978,0.41999998688697815
train_000287,train,【IISD Experimental】Lake 239,2003-01-13 00:00:00,3,45,0.5,0.5
train_000288,train,【IISD Experimental】Lake 239,2003-02-11 00:00:00,3,45,0.699999988079071,0.699999988079071
train_000289,train,【IISD Experimental】Lake 239,2003-03-05 00:00:00,2,45,0.75,0.75
train_000290,train,【IISD Experimental】Lake 239,2003-03-25 00:00:00,3,45,0.769999980926513,0.7699999809265137
train_000291,train,【IISD Experimental】Lake 239,2003-04-07 11:12:00,3,45,0.584999978542327,0.5849999785423279
train_000292,train,【IISD Experimental】Lake 239,2003-12-04 00:00:00,2,45,0.140000000596046,0.14000000059604645
train_000293,train,【IISD Experimental】Lake 239,2003-12-10 00:00:00,3,45,0.25,0.25
train_000294,train,【IISD Experimental】Lake 239,2004-01-05 15:30:00,4,45,0.300000011920928,0.30000001192092896
train_000295,train,【IISD Experimental】Lake 239,2004-01-23 00:00:00,3,45,0.400000005960464,0.4000000059604645
train_000296,train,【IISD Experimental】Lake 239,2004-02-10 00:00:00,3,45,0.509999990463256,0.5099999904632568
train_000297,train,【IISD Experimental】Lake 239,2004-03-22 16:09:00,2,45,0.660000026226043,0.6600000262260437
train_000298,train,【IISD Experimental】Lake 239,2004-04-07 00:00:00,2,45,0.540000021457672,0.5400000214576721
train_000299,train,【IISD Experimental】Lake 239,2005-01-11 09:25:00,2,45,0.379999995231628,0.3799999952316284
train_000300,train,【IISD Experimental】Lake 239,2005-02-03 00:00:00,2,45,0.519999980926513,0.5199999809265137
train_000301,train,【IISD Experimental】Lake 239,2005-12-04 00:00:00,2,45,0.170000001788139,0.17000000178813934
train_000302,train,【IISD Experimental】Lake 239,2006-01-03 15:35:00,3,45,0.289999991655349,0.28999999165534973
train_000303,train,【IISD Experimental】Lake 239,2006-02-01 00:00:00,2,45,0.439999997615814,0.4399999976158142
train_000304,train,【IISD Experimental】Lake 239,2006-02-23 00:00:00,2,45,0.479999989271163,0.47999998927116394
train_000305,train,【IISD Experimental】Lake 239,2006-04-03 15:32:00,2,45,0.479999989271163,0.47999998927116394
train_000306,train,【IISD Experimental】Lake 239,2006-12-19 00:00:00,2,45,0.209999993443489,0.20999999344348907
train_000307,train,【IISD Experimental】Lake 239,2007-01-03 00:00:00,3,45,0.360000014305114,0.36000001430511475
train_000308,train,【IISD Experimental】Lake 239,2007-01-10 09:14:00,4,45,0.389999985694885,0.38999998569488525
train_000309,train,【IISD Experimental】Lake 239,2007-02-06 00:00:00,3,45,0.479999989271163,0.47999998927116394
train_000310,train,【IISD Experimental】Lake 239,2007-02-20 00:00:00,3,45,0.620000004768371,0.6200000047683716
train_000311,train,【IISD Experimental】Lake 239,2007-03-13 00:00:00,3,45,0.639999985694885,0.6399999856948853
train_000312,train,【IISD Experimental】Lake 239,2007-04-03 09:04:00,3,45,0.620000004768371,0.6200000047683716
train_000313,train,【IISD Experimental】Lake 239,2007-04-18 00:00:00,3,45,0.509999990463256,0.5099999904632568
train_000314,train,【IISD Experimental】Lake 239,2012-03-21 00:00:00,2,45,0.289999991655349,0.28999999165534973
train_000315,train,【IISD Experimental】Lake 239,2015-01-31 00:00:00,2,45,0.46000000834465,0.46000000834465027
train_000316,train,【IISD Experimental】Lake 239,2015-03-16 14:48:00,2,45,0.600000023841857,0.6000000238418579
train_000317,train,【IISD Experimental】Lake 239,2016-03-17 00:00:00,2,45,0.389999985694885,0.38999998569488525
train_000318,train,【IISD Experimental】Lake 239,2017-03-22 00:00:00,2,45,0.639999985694885,0.6399999856948853
train_000319,train,【IISD Experimental】Lake 302,1972-12-13 00:00:00,2,45,0.330000013113021,0.33000001311302185
train_000320,train,【IISD Experimental】Lake 302,1973-01-24 00:00:00,2,45,0.449999988079071,0.44999998807907104
train_000321,train,【IISD Experimental】Lake 302,1973-04-17 00:00:00,2,45,0.375,0.375
train_000322,train,【IISD Experimental】Lake 302,1974-01-23 00:00:00,2,45,0.400000005960464,0.4000000059604645
train_000323,train,【IISD Experimental】Lake 302,1974-02-26 00:00:00,2,45,0.439999997615814,0.4399999976158142
train_000324,train,【IISD Experimental】Lake 302,1974-04-02 00:00:00,2,45,0.25,0.25
train_000325,train,【IISD Experimental】Lake 302,1974-05-01 00:00:00,2,45,0.16500000655651,0.16500000655651093
train_000326,train,【IISD Experimental】Lake 302,1974-12-09 00:00:00,2,45,0.150000005960464,0.15000000596046448
train_000327,train,【IISD Experimental】Lake 302,1980-01-22 00:00:00,2,45,0.230000004172325,0.23000000417232513
train_000328,train,【IISD Experimental】Lake 302,1980-01-25 00:00:00,3,45,0.435000002384185,0.4350000023841858
train_000329,train,【IISD Experimental】Lake 302,1980-02-25 00:00:00,3,45,0.435000002384185,0.4350000023841858
train_000330,train,【IISD Experimental】Lake 302,1981-01-02 00:00:00,2,45,0.319999992847442,0.3199999928474426
train_000331,train,【IISD Experimental】Lake 302,1981-01-12 00:00:00,3,45,0.400000005960464,0.4000000059604645
train_000332,train,【IISD Experimental】Lake 302,1981-01-26 00:00:00,3,45,0.46000000834465,0.46000000834465027
train_000333,train,【IISD Experimental】Lake 302,1981-02-09 00:00:00,4,45,0.455000013113021,0.45500001311302185
train_000334,train,【IISD Experimental】Lake 302,1981-02-23 00:00:00,4,45,0.479999989271163,0.47999998927116394
train_000335,train,【IISD Experimental】Lake 302,1981-03-16 00:00:00,3,45,0.569999992847442,0.5699999928474426
train_000336,train,【IISD Experimental】Lake 302,1982-01-12 00:00:00,2,45,0.340000003576278,0.3400000035762787
train_000337,train,【IISD Experimental】Lake 302,1982-02-09 00:00:00,2,45,0.439999997615814,0.4399999976158142
train_000338,train,【IISD Experimental】Lake 302,1982-03-09 00:00:00,2,45,0.5450000166893,0.5450000166893005
train_000339,train,【IISD Experimental】Lake 302,1983-01-11 00:00:00,2,45,0.395000010728836,0.39500001072883606
train_000340,train,【IISD Experimental】Lake 302,1983-02-15 00:00:00,2,45,0.490000009536743,0.49000000953674316
train_000341,train,【IISD Experimental】Lake 302,1983-03-15 00:00:00,2,45,0.589999973773956,0.5899999737739563
train_000342,train,【IISD Experimental】Lake 302,1984-01-10 00:00:00,2,45,0.300000011920928,0.30000001192092896
train_000343,train,【IISD Experimental】Lake 302,1984-02-07 00:00:00,2,45,0.490000009536743,0.49000000953674316
train_000344,train,【IISD Experimental】Lake 302,1985-01-22 00:00:00,2,45,0.5,0.5
train_000345,train,【IISD Experimental】Lake 302,1986-01-21 00:00:00,2,45,0.300000011920928,0.30000001192092896
train_000346,train,【IISD Experimental】Lake 302,1986-02-18 00:00:00,2,45,0.310000002384185,0.3100000023841858
train_000347,train,【IISD Experimental】Lake 302,1987-01-20 00:00:00,2,45,0.310000002384185,0.3100000023841858
train_000348,train,【IISD Experimental】Lake 302,1987-02-17 00:00:00,2,45,0.5,0.5
train_000349,train,【IISD Experimental】Lake 302,1987-03-17 00:00:00,2,45,0.400000005960464,0.4000000059604645
train_000350,train,【IISD Experimental】Lake 302,1988-01-19 00:00:00,2,45,0.289999991655349,0.28999999165534973
train_000351,train,【IISD Experimental】Lake 302,1988-02-23 00:00:00,2,45,0.405000001192092,0.4050000011920929
train_000352,train,【IISD Experimental】Lake 302,1988-03-22 00:00:00,2,45,0.495000004768371,0.4950000047683716
train_000353,train,【IISD Experimental】Lake 302,1989-01-17 00:00:00,2,45,0.485000014305114,0.48500001430511475
train_000354,train,【IISD Experimental】Lake 302,1989-02-21 00:00:00,2,45,0.615000009536743,0.6150000095367432
train_000355,train,【IISD Experimental】Lake 302,1989-03-21 00:00:00,2,45,0.644999980926513,0.6449999809265137
train_000356,train,【IISD Experimental】Lake 302,1989-12-13 00:00:00,2,45,0.52999997138977,0.5299999713897705
train_000357,train,【IISD Experimental】Lake 302,1990-01-16 00:00:00,3,45,0.52999997138977,0.5299999713897705
train_000358,train,【IISD Experimental】Lake 302,1990-02-13 00:00:00,2,45,0.610000014305114,0.6100000143051147
train_000359,train,【IISD Experimental】Lake 302,1991-01-15 00:00:00,2,45,0.430000007152557,0.4300000071525574
train_000360,train,【IISD Experimental】Lake 302,1991-02-13 00:00:00,2,45,0.524999976158142,0.5249999761581421
train_000361,train,【IISD Experimental】Lake 302,1991-03-12 00:00:00,2,45,0.639999985694885,0.6399999856948853
train_000362,train,【IISD Experimental】Lake 302,2002-01-09 09:46:00,2,45,0.330000013113021,0.33000001311302185
train_000363,train,【IISD Experimental】Lake 302,2003-01-07 02:50:00,2,45,0.340000003576278,0.3400000035762787
train_000364,train,【IISD Experimental】Lake 302,2004-01-07 00:00:00,2,45,0.340000003576278,0.3400000035762787
train_000365,train,【IISD Experimental】Lake 302,2005-01-11 13:55:00,2,45,0.349999994039535,0.3499999940395355
train_000366,train,【Li】Lake Xiaoxingkai,2025-01-19 12:00:00,2,45,0.6171,0.6171000003814697
train_000367,train,【Li】Lake Xiaoxingkai,2025-01-20 12:00:00,3,45,0.6075,0.6075000166893005
train_000368,train,【Li】Lake Xiaoxingkai,2025-01-21 12:00:00,4,45,0.6165,0.6165000200271606
train_000369,train,【Li】Lake Xiaoxingkai,2025-01-22 12:00:00,5,45,0.6159,0.6158999800682068
train_000370,train,【Li】Lake Xiaoxingkai,2025-01-23 12:00:00,6,45,0.6171,0.6171000003814697
train_000371,train,【Li】Lake Xiaoxingkai,2025-01-24 12:00:00,7,45,0.6172,0.6172000169754028
train_000372,train,【Li】Lake Xiaoxingkai,2025-01-25 12:00:00,8,45,0.62,0.6200000047683716
train_000373,train,【Li】Lake Xiaoxingkai,2025-01-26 12:00:00,9,45,0.6116,0.6115999817848206
train_000374,train,【Li】Lake Xiaoxingkai,2025-01-27 12:00:00,10,45,0.6174,0.6173999905586243
train_000375,train,【Li】Lake Xiaoxingkai,2025-01-28 12:00:00,11,45,0.6091,0.6090999841690063
train_000376,train,【Li】Lake Xiaoxingkai,2025-01-29 12:00:00,12,45,0.5888,0.5888000130653381
train_000377,train,【Li】Lake Xiaoxingkai,2025-01-30 12:00:00,13,45,0.5858,0.5857999920845032
train_000378,train,【Li】Lake Xiaoxingkai,2025-01-31 12:00:00,14,45,0.5944,0.5943999886512756
train_000379,train,【Li】Lake Xiaoxingkai,2025-02-01 12:00:00,15,45,0.6018,0.6018000245094299
train_000380,train,【Li】Lake Xiaoxingkai,2025-02-02 12:00:00,16,45,0.6195,0.6194999814033508
train_000381,train,【Li】Lake Xiaoxingkai,2025-02-03 12:00:00,17,45,0.6265,0.6265000104904175
train_000382,train,【Li】Lake Xiaoxingkai,2025-02-04 12:00:00,18,45,0.6328,0.6327999830245972
train_000383,train,【Li】Lake Xiaoxingkai,2025-02-05 12:00:00,19,45,0.6485,0.6485000252723694
train_000384,train,【Li】Lake Xiaoxingkai,2025-02-06 12:00:00,20,45,0.6563,0.6563000082969666
train_000385,train,【Li】Lake Xiaoxingkai,2025-02-07 12:00:00,21,45,0.6629,0.6628999710083008
train_000386,train,【Li】Lake Xiaoxingkai,2025-02-08 12:00:00,22,45,0.6708,0.670799970626831
train_000387,train,【Li】Lake Xiaoxingkai,2025-02-09 12:00:00,23,45,0.6845,0.684499979019165
train_000388,train,【Li】Lake Xiaoxingkai,2025-02-10 12:00:00,24,45,0.6817,0.6816999912261963
train_000389,train,【North Temperate Lakes LTER】Big Muskellunge Lake,1982-02-25 00:00:00,2,45,0.610000014305114,0.6100000143051147
train_000390,train,【North Temperate Lakes LTER】Big Muskellunge Lake,1982-04-07 00:00:00,2,45,0.550000011920929,0.550000011920929
train_000391,train,【North Temperate Lakes LTER】Big Muskellunge Lake,1983-02-17 00:00:00,2,45,0.400000005960464,0.4000000059604645
train_000392,train,【North Temperate Lakes LTER】Big Muskellunge Lake,1983-03-23 00:00:00,2,45,0.379999995231628,0.3799999952316284
train_000393,train,【North Temperate Lakes LTER】Big Muskellunge Lake,1984-02-23 00:00:00,2,45,0.490000009536743,0.49000000953674316
train_000394,train,【North Temperate Lakes LTER】Big Muskellunge Lake,1984-04-04 00:00:00,2,45,0.550000011920929,0.550000011920929
train_000395,train,【North Temperate Lakes LTER】Big Muskellunge Lake,1985-03-27 00:00:00,2,45,0.52999997138977,0.5299999713897705
train_000396,train,【North Temperate Lakes LTER】Big Muskellunge Lake,1985-04-11 00:00:00,3,45,0.560000002384185,0.5600000023841858
train_000397,train,【North Temperate Lakes LTER】Big Muskellunge Lake,1986-04-01 00:00:00,2,45,0.370000004768371,0.3700000047683716
train_000398,train,【North Temperate Lakes LTER】Big Muskellunge Lake,1987-02-25 00:00:00,2,45,0.46000000834465,0.46000000834465027
train_000399,train,【North Temperate Lakes LTER】Big Muskellunge Lake,1987-03-24 00:00:00,2,45,0.379999995231628,0.3799999952316284
train_000400,train,【North Temperate Lakes LTER】Big Muskellunge Lake,1988-04-06 00:00:00,2,45,0.600000023841857,0.6000000238418579
train_000401,train,【North Temperate Lakes LTER】Big Muskellunge Lake,1989-02-28 00:00:00,2,45,0.620000004768371,0.6200000047683716
train_000402,train,【North Temperate Lakes LTER】Big Muskellunge Lake,1989-03-31 00:00:00,2,45,0.649999976158142,0.6499999761581421
train_000403,train,【North Temperate Lakes LTER】Big Muskellunge Lake,1990-02-20 00:00:00,2,45,0.509999990463256,0.5099999904632568
train_000404,train,【North Temperate Lakes LTER】Big Muskellunge Lake,1990-03-29 00:00:00,2,45,0.435000002384185,0.4350000023841858
train_000405,train,【North Temperate Lakes LTER】Big Muskellunge Lake,1991-02-21 00:00:00,2,45,0.5,0.5
train_000406,train,【North Temperate Lakes LTER】Big Muskellunge Lake,1991-03-26 00:00:00,2,45,0.509999990463256,0.5099999904632568
train_000407,train,【North Temperate Lakes LTER】Big Muskellunge Lake,1992-02-25 00:00:00,2,45,0.449999988079071,0.44999998807907104
train_000408,train,【North Temperate Lakes LTER】Big Muskellunge Lake,1992-03-27 00:00:00,2,45,0.509999990463256,0.5099999904632568
train_000409,train,【North Temperate Lakes LTER】Big Muskellunge Lake,1993-03-24 00:00:00,2,45,0.589999973773956,0.5899999737739563
train_000410,train,【North Temperate Lakes LTER】Big Muskellunge Lake,1994-02-24 00:00:00,2,45,0.419999986886978,0.41999998688697815
train_000411,train,【North Temperate Lakes LTER】Big Muskellunge Lake,1994-03-30 00:00:00,2,45,0.430000007152557,0.4300000071525574
train_000412,train,【North Temperate Lakes LTER】Big Muskellunge Lake,1995-02-21 00:00:00,2,45,0.550000011920929,0.550000011920929
train_000413,train,【North Temperate Lakes LTER】Big Muskellunge Lake,1995-03-23 00:00:00,2,45,0.449999988079071,0.44999998807907104
train_000414,train,【North Temperate Lakes LTER】Big Muskellunge Lake,1996-02-23 00:00:00,2,45,0.629999995231628,0.6299999952316284
train_000415,train,【North Temperate Lakes LTER】Big Muskellunge Lake,1997-02-20 00:00:00,2,45,0.579999983310699,0.5799999833106995
train_000416,train,【North Temperate Lakes LTER】Big Muskellunge Lake,1997-04-02 00:00:00,2,45,0.519999980926513,0.5199999809265137
train_000417,train,【North Temperate Lakes LTER】Big Muskellunge Lake,1998-02-19 00:00:00,2,45,0.439999997615814,0.4399999976158142
train_000418,train,【North Temperate Lakes LTER】Big Muskellunge Lake,1998-03-19 00:00:00,2,45,0.400000005960464,0.4000000059604645
train_000419,train,【North Temperate Lakes LTER】Big Muskellunge Lake,1999-02-24 00:00:00,2,45,0.400000005960464,0.4000000059604645
train_000420,train,【North Temperate Lakes LTER】Big Muskellunge Lake,1999-03-24 00:00:00,2,45,0.569999992847442,0.5699999928474426
train_000421,train,【North Temperate Lakes LTER】Big Muskellunge Lake,2000-02-23 00:00:00,2,45,0.430000007152557,0.4300000071525574
train_000422,train,【North Temperate Lakes LTER】Big Muskellunge Lake,2001-02-23 00:00:00,2,45,0.419999986886978,0.41999998688697815
train_000423,train,【North Temperate Lakes LTER】Big Muskellunge Lake,2001-04-06 00:00:00,2,45,0.490000009536743,0.49000000953674316
train_000424,train,【North Temperate Lakes LTER】Big Muskellunge Lake,2002-02-26 00:00:00,2,45,0.419999986886978,0.41999998688697815
train_000425,train,【North Temperate Lakes LTER】Big Muskellunge Lake,2003-02-21 00:00:00,2,45,0.699999988079071,0.699999988079071
train_000426,train,【North Temperate Lakes LTER】Big Muskellunge Lake,2003-04-01 00:00:00,2,45,0.600000023841857,0.6000000238418579
train_000427,train,【North Temperate Lakes LTER】Big Muskellunge Lake,2004-03-02 00:00:00,2,45,0.610000014305114,0.6100000143051147
train_000428,train,【North Temperate Lakes LTER】Big Muskellunge Lake,2004-04-05 00:00:00,2,45,0.5,0.5
train_000429,train,【North Temperate Lakes LTER】Big Muskellunge Lake,2005-02-24 00:00:00,2,45,0.560000002384185,0.5600000023841858
train_000430,train,【North Temperate Lakes LTER】Big Muskellunge Lake,2005-04-04 00:00:00,2,45,0.540000021457672,0.5400000214576721
train_000431,train,【North Temperate Lakes LTER】Big Muskellunge Lake,2006-02-21 00:00:00,2,45,0.430000007152557,0.4300000071525574
train_000432,train,【North Temperate Lakes LTER】Big Muskellunge Lake,2006-04-04 00:00:00,2,45,0.409999996423721,0.4099999964237213
train_000433,train,【North Temperate Lakes LTER】Big Muskellunge Lake,2007-02-27 00:00:00,2,45,0.569999992847442,0.5699999928474426
train_000434,train,【North Temperate Lakes LTER】Big Muskellunge Lake,2007-03-30 00:00:00,2,45,0.349999994039535,0.3499999940395355
train_000435,train,【North Temperate Lakes LTER】Big Muskellunge Lake,2008-02-26 00:00:00,2,45,0.569999992847442,0.5699999928474426
train_000436,train,【North Temperate Lakes LTER】Big Muskellunge Lake,2008-03-26 00:00:00,2,45,0.52999997138977,0.5299999713897705
train_000437,train,【North Temperate Lakes LTER】Big Muskellunge Lake,2009-02-24 00:00:00,2,45,0.569999992847442,0.5699999928474426
train_000438,train,【North Temperate Lakes LTER】Big Muskellunge Lake,2009-03-16 00:00:00,2,45,0.560000002384185,0.5600000023841858
train_000439,train,【North Temperate Lakes LTER】Big Muskellunge Lake,2010-02-12 00:00:00,2,45,0.46000000834465,0.46000000834465027
train_000440,train,【North Temperate Lakes LTER】Big Muskellunge Lake,2011-02-16 00:00:00,2,45,0.400000005960464,0.4000000059604645
train_000441,train,【North Temperate Lakes LTER】Big Muskellunge Lake,2011-03-22 00:00:00,2,45,0.519999980926513,0.5199999809265137
train_000442,train,【North Temperate Lakes LTER】Big Muskellunge Lake,2012-02-20 00:00:00,2,45,0.449999988079071,0.44999998807907104
train_000443,train,【North Temperate Lakes LTER】Big Muskellunge Lake,2013-02-22 00:00:00,2,45,0.449999988079071,0.44999998807907104
train_000444,train,【North Temperate Lakes LTER】Big Muskellunge Lake,2013-03-29 00:00:00,2,45,0.699999988079071,0.699999988079071
train_000445,train,【North Temperate Lakes LTER】Big Muskellunge Lake,2014-03-04 00:00:00,2,45,0.589999973773956,0.5899999737739563
train_000446,train,【North Temperate Lakes LTER】Big Muskellunge Lake,2014-03-27 00:00:00,2,45,0.680000007152557,0.6800000071525574
train_000447,train,【North Temperate Lakes LTER】Big Muskellunge Lake,2015-03-03 00:00:00,2,45,0.620000004768371,0.6200000047683716
train_000448,train,【North Temperate Lakes LTER】Big Muskellunge Lake,2015-03-26 00:00:00,2,45,0.490000009536743,0.49000000953674316
train_000449,train,【North Temperate Lakes LTER】Big Muskellunge Lake,2016-03-04 00:00:00,2,45,0.46000000834465,0.46000000834465027
train_000450,train,【North Temperate Lakes LTER】Big Muskellunge Lake,2017-02-21 00:00:00,2,45,0.419999986886978,0.41999998688697815
train_000451,train,【North Temperate Lakes LTER】Big Muskellunge Lake,2017-03-28 00:00:00,2,45,0.439999997615814,0.4399999976158142
train_000452,train,【North Temperate Lakes LTER】Big Muskellunge Lake,2018-02-20 00:00:00,2,45,0.52999997138977,0.5299999713897705
train_000453,train,【North Temperate Lakes LTER】Big Muskellunge Lake,2018-03-28 00:00:00,2,45,0.579999983310699,0.5799999833106995
train_000454,train,【North Temperate Lakes LTER】Bog 12-15 (Trout Bog),1982-03-03 00:00:00,2,45,0.39300000667572,0.3930000066757202
train_000455,train,【North Temperate Lakes LTER】Bog 12-15 (Trout Bog),1982-04-06 00:00:00,2,45,0.519999980926513,0.5199999809265137
train_000456,train,【North Temperate Lakes LTER】Bog 12-15 (Trout Bog),1983-01-10 00:00:00,2,45,0.170000001788139,0.17000000178813934
train_000457,train,【North Temperate Lakes LTER】Bog 12-15 (Trout Bog),1983-02-22 00:00:00,2,45,0.310000002384185,0.3100000023841858
train_000458,train,【North Temperate Lakes LTER】Bog 12-15 (Trout Bog),1983-03-24 00:00:00,2,45,0.300000011920928,0.30000001192092896
train_000459,train,【North Temperate Lakes LTER】Bog 12-15 (Trout Bog),1984-04-04 00:00:00,2,45,0.46000000834465,0.46000000834465027
train_000460,train,【North Temperate Lakes LTER】Bog 12-15 (Trout Bog),1985-02-27 00:00:00,2,45,0.310000002384185,0.3100000023841858
train_000461,train,【North Temperate Lakes LTER】Bog 12-15 (Trout Bog),1985-03-25 00:00:00,2,45,0.469999998807907,0.4699999988079071
train_000462,train,【North Temperate Lakes LTER】Bog 12-15 (Trout Bog),1985-04-10 00:00:00,3,45,0.479999989271163,0.47999998927116394
train_000463,train,【North Temperate Lakes LTER】Bog 12-15 (Trout Bog),1986-03-31 00:00:00,2,45,0.280000001192092,0.2800000011920929
train_000464,train,【North Temperate Lakes LTER】Bog 12-15 (Trout Bog),1987-02-23 00:00:00,2,45,0.370000004768371,0.3700000047683716
train_000465,train,【North Temperate Lakes LTER】Bog 12-15 (Trout Bog),1987-03-20 00:00:00,2,45,0.349999994039535,0.3499999940395355
train_000466,train,【North Temperate Lakes LTER】Bog 12-15 (Trout Bog),1988-03-23 00:00:00,2,45,0.509999990463256,0.5099999904632568
train_000467,train,【North Temperate Lakes LTER】Bog 12-15 (Trout Bog),1989-03-27 00:00:00,2,45,0.584999978542327,0.5849999785423279
train_000468,train,【North Temperate Lakes LTER】Bog 12-15 (Trout Bog),1990-02-28 00:00:00,2,45,0.5,0.5
train_000469,train,【North Temperate Lakes LTER】Bog 12-15 (Trout Bog),1990-03-27 00:00:00,2,45,0.409999996423721,0.4099999964237213
train_000470,train,【North Temperate Lakes LTER】Bog 12-15 (Trout Bog),1991-02-20 00:00:00,2,45,0.389999985694885,0.38999998569488525
train_000471,train,【North Temperate Lakes LTER】Bog 12-15 (Trout Bog),1991-03-21 00:00:00,2,45,0.469999998807907,0.4699999988079071
train_000472,train,【North Temperate Lakes LTER】Bog 12-15 (Trout Bog),1992-02-26 00:00:00,2,45,0.400000005960464,0.4000000059604645
train_000473,train,【North Temperate Lakes LTER】Bog 12-15 (Trout Bog),1992-03-23 00:00:00,2,45,0.439999997615814,0.4399999976158142
train_000474,train,【North Temperate Lakes LTER】Bog 12-15 (Trout Bog),1993-02-24 00:00:00,2,45,0.490000009536743,0.49000000953674316
train_000475,train,【North Temperate Lakes LTER】Bog 12-15 (Trout Bog),1993-03-23 00:00:00,2,45,0.504999995231628,0.5049999952316284
train_000476,train,【North Temperate Lakes LTER】Bog 12-15 (Trout Bog),1994-02-24 00:00:00,2,45,0.46000000834465,0.46000000834465027
train_000477,train,【North Temperate Lakes LTER】Bog 12-15 (Trout Bog),1994-03-28 00:00:00,2,45,0.360000014305114,0.36000001430511475
train_000478,train,【North Temperate Lakes LTER】Bog 12-15 (Trout Bog),1995-02-14 00:00:00,2,45,0.365000009536743,0.36500000953674316
train_000479,train,【North Temperate Lakes LTER】Bog 12-15 (Trout Bog),1995-03-20 00:00:00,2,45,0.360000014305114,0.36000001430511475
train_000480,train,【North Temperate Lakes LTER】Bog 12-15 (Trout Bog),1996-02-21 00:00:00,2,45,0.5,0.5
train_000481,train,【North Temperate Lakes LTER】Bog 12-15 (Trout Bog),1996-04-02 00:00:00,2,45,0.569999992847442,0.5699999928474426
train_000482,train,【North Temperate Lakes LTER】Bog 12-15 (Trout Bog),1997-02-18 00:00:00,2,45,0.550000011920929,0.550000011920929
train_000483,train,【North Temperate Lakes LTER】Bog 12-15 (Trout Bog),1997-03-24 00:00:00,2,45,0.569999992847442,0.5699999928474426
train_000484,train,【North Temperate Lakes LTER】Bog 12-15 (Trout Bog),1998-02-18 00:00:00,2,45,0.389999985694885,0.38999998569488525
train_000485,train,【North Temperate Lakes LTER】Bog 12-15 (Trout Bog),1998-03-16 00:00:00,2,45,0.340000003576278,0.3400000035762787
train_000486,train,【North Temperate Lakes LTER】Bog 12-15 (Trout Bog),1999-02-24 00:00:00,2,45,0.439999997615814,0.4399999976158142
train_000487,train,【North Temperate Lakes LTER】Bog 12-15 (Trout Bog),1999-03-23 00:00:00,2,45,0.430000007152557,0.4300000071525574
train_000488,train,【North Temperate Lakes LTER】Bog 12-15 (Trout Bog),2000-02-21 00:00:00,2,45,0.209999993443489,0.20999999344348907
train_000489,train,【North Temperate Lakes LTER】Bog 12-15 (Trout Bog),2001-02-19 00:00:00,2,45,0.379999995231628,0.3799999952316284
train_000490,train,【North Temperate Lakes LTER】Bog 12-15 (Trout Bog),2001-04-03 00:00:00,2,45,0.469999998807907,0.4699999988079071
train_000491,train,【North Temperate Lakes LTER】Bog 12-15 (Trout Bog),2002-04-12 00:00:00,2,45,0.509999990463256,0.5099999904632568
train_000492,train,【North Temperate Lakes LTER】Bog 12-15 (Trout Bog),2003-02-20 00:00:00,2,45,0.419999986886978,0.41999998688697815
train_000493,train,【North Temperate Lakes LTER】Bog 12-15 (Trout Bog),2003-04-02 00:00:00,2,45,0.400000005960464,0.4000000059604645
train_000494,train,【North Temperate Lakes LTER】Bog 12-15 (Trout Bog),2004-02-19 00:00:00,2,45,0.5,0.5
train_000495,train,【North Temperate Lakes LTER】Bog 12-15 (Trout Bog),2004-03-29 00:00:00,2,45,0.540000021457672,0.5400000214576721
train_000496,train,【North Temperate Lakes LTER】Bog 12-15 (Trout Bog),2005-02-15 00:00:00,2,45,0.419999986886978,0.41999998688697815
train_000497,train,【North Temperate Lakes LTER】Bog 12-15 (Trout Bog),2005-03-31 00:00:00,2,45,0.439999997615814,0.4399999976158142
train_000498,train,【North Temperate Lakes LTER】Bog 12-15 (Trout Bog),2006-02-22 00:00:00,2,45,0.379999995231628,0.3799999952316284
train_000499,train,【North Temperate Lakes LTER】Bog 12-15 (Trout Bog),2006-03-29 00:00:00,2,45,0.469999998807907,0.4699999988079071
train_000500,train,【North Temperate Lakes LTER】Bog 12-15 (Trout Bog),2007-02-21 00:00:00,2,45,0.360000014305114,0.36000001430511475
train_000501,train,【North Temperate Lakes LTER】Bog 12-15 (Trout Bog),2007-03-27 00:00:00,2,45,0.25,0.25
train_000502,train,【North Temperate Lakes LTER】Bog 12-15 (Trout Bog),2008-02-25 00:00:00,2,45,0.419999986886978,0.41999998688697815
train_000503,train,【North Temperate Lakes LTER】Bog 12-15 (Trout Bog),2008-03-27 00:00:00,2,45,0.52999997138977,0.5299999713897705
train_000504,train,【North Temperate Lakes LTER】Bog 12-15 (Trout Bog),2009-02-17 00:00:00,2,45,0.479999989271163,0.47999998927116394
train_000505,train,【North Temperate Lakes LTER】Bog 12-15 (Trout Bog),2009-03-25 00:00:00,2,45,0.419999986886978,0.41999998688697815
train_000506,train,【North Temperate Lakes LTER】Bog 12-15 (Trout Bog),2010-02-22 00:00:00,2,45,0.330000013113021,0.33000001311302185
train_000507,train,【North Temperate Lakes LTER】Bog 12-15 (Trout Bog),2011-02-15 00:00:00,2,45,0.360000014305114,0.36000001430511475
train_000508,train,【North Temperate Lakes LTER】Bog 12-15 (Trout Bog),2011-03-16 00:00:00,2,45,0.479999989271163,0.47999998927116394
train_000509,train,【North Temperate Lakes LTER】Bog 12-15 (Trout Bog),2012-02-20 00:00:00,2,45,0.349999994039535,0.3499999940395355
train_000510,train,【North Temperate Lakes LTER】Bog 12-15 (Trout Bog),2013-02-18 00:00:00,2,45,0.409999996423721,0.4099999964237213
train_000511,train,【North Temperate Lakes LTER】Bog 12-15 (Trout Bog),2013-03-27 00:00:00,2,45,0.600000023841857,0.6000000238418579
train_000512,train,【North Temperate Lakes LTER】Bog 12-15 (Trout Bog),2014-02-20 00:00:00,2,45,0.46000000834465,0.46000000834465027
train_000513,train,【North Temperate Lakes LTER】Bog 12-15 (Trout Bog),2014-03-28 00:00:00,2,45,0.600000023841857,0.6000000238418579
train_000514,train,【North Temperate Lakes LTER】Bog 12-15 (Trout Bog),2015-03-06 00:00:00,2,45,0.319999992847442,0.3199999928474426
train_000515,train,【North Temperate Lakes LTER】Bog 12-15 (Trout Bog),2015-03-24 00:00:00,2,45,0.25,0.25
train_000516,train,【North Temperate Lakes LTER】Bog 12-15 (Trout Bog),2016-02-24 00:00:00,2,45,0.330000013113021,0.33000001311302185
train_000517,train,【North Temperate Lakes LTER】Bog 12-15 (Trout Bog),2017-02-17 00:00:00,2,45,0.340000003576278,0.3400000035762787
train_000518,train,【North Temperate Lakes LTER】Bog 12-15 (Trout Bog),2017-03-29 00:00:00,2,45,0.360000014305114,0.36000001430511475
train_000519,train,【North Temperate Lakes LTER】Bog 12-15 (Trout Bog),2018-02-23 00:00:00,2,45,0.449999988079071,0.44999998807907104
train_000520,train,【North Temperate Lakes LTER】Bog 12-15 (Trout Bog),2018-03-28 00:00:00,2,45,0.540000021457672,0.5400000214576721
train_000521,train,【North Temperate Lakes LTER】Bog 27-2 (Crystal Bog),1982-02-22 00:00:00,2,45,0.433999985456466,0.4339999854564667
train_000522,train,【North Temperate Lakes LTER】Bog 27-2 (Crystal Bog),1982-04-07 00:00:00,2,45,0.414999991655349,0.41499999165534973
train_000523,train,【North Temperate Lakes LTER】Bog 27-2 (Crystal Bog),1983-01-11 00:00:00,2,45,0.254999995231628,0.2549999952316284
train_000524,train,【North Temperate Lakes LTER】Bog 27-2 (Crystal Bog),1983-02-23 00:00:00,2,45,0.324999988079071,0.32499998807907104
train_000525,train,【North Temperate Lakes LTER】Bog 27-2 (Crystal Bog),1983-03-25 00:00:00,2,45,0.319999992847442,0.3199999928474426
train_000526,train,【North Temperate Lakes LTER】Bog 27-2 (Crystal Bog),1985-02-26 00:00:00,2,45,0.349999994039535,0.3499999940395355
train_000527,train,【North Temperate Lakes LTER】Bog 27-2 (Crystal Bog),1985-03-26 00:00:00,2,45,0.439999997615814,0.4399999976158142
train_000528,train,【North Temperate Lakes LTER】Bog 27-2 (Crystal Bog),1986-02-25 00:00:00,2,45,0.439999997615814,0.4399999976158142
train_000529,train,【North Temperate Lakes LTER】Bog 27-2 (Crystal Bog),1987-02-23 00:00:00,2,45,0.370000004768371,0.3700000047683716
train_000530,train,【North Temperate Lakes LTER】Bog 27-2 (Crystal Bog),1987-03-19 00:00:00,2,45,0.409999996423721,0.4099999964237213
train_000531,train,【North Temperate Lakes LTER】Bog 27-2 (Crystal Bog),1988-02-29 00:00:00,2,45,0.479999989271163,0.47999998927116394
train_000532,train,【North Temperate Lakes LTER】Bog 27-2 (Crystal Bog),1988-03-23 00:00:00,2,45,0.46000000834465,0.46000000834465027
train_000533,train,【North Temperate Lakes LTER】Bog 27-2 (Crystal Bog),1989-02-21 00:00:00,2,45,0.428000003099441,0.42800000309944153
train_000534,train,【North Temperate Lakes LTER】Bog 27-2 (Crystal Bog),1989-03-28 00:00:00,2,45,0.430000007152557,0.4300000071525574
train_000535,train,【North Temperate Lakes LTER】Bog 27-2 (Crystal Bog),1990-02-27 00:00:00,2,45,0.46000000834465,0.46000000834465027
train_000536,train,【North Temperate Lakes LTER】Bog 27-2 (Crystal Bog),1990-03-28 00:00:00,2,45,0.300000011920928,0.30000001192092896
train_000537,train,【North Temperate Lakes LTER】Bog 27-2 (Crystal Bog),1991-02-18 00:00:00,2,45,0.379999995231628,0.3799999952316284
train_000538,train,【North Temperate Lakes LTER】Bog 27-2 (Crystal Bog),1991-03-22 00:00:00,2,45,0.419999986886978,0.41999998688697815
train_000539,train,【North Temperate Lakes LTER】Bog 27-2 (Crystal Bog),1992-02-25 00:00:00,2,45,0.360000014305114,0.36000001430511475
train_000540,train,【North Temperate Lakes LTER】Bog 27-2 (Crystal Bog),1992-03-25 00:00:00,2,45,0.379999995231628,0.3799999952316284
train_000541,train,【North Temperate Lakes LTER】Bog 27-2 (Crystal Bog),1993-02-25 00:00:00,2,45,0.444999992847442,0.4449999928474426
train_000542,train,【North Temperate Lakes LTER】Bog 27-2 (Crystal Bog),1993-03-23 00:00:00,2,45,0.5,0.5
train_000543,train,【North Temperate Lakes LTER】Bog 27-2 (Crystal Bog),1994-02-23 00:00:00,2,45,0.349999994039535,0.3499999940395355
train_000544,train,【North Temperate Lakes LTER】Bog 27-2 (Crystal Bog),1994-03-30 00:00:00,2,45,0.319999992847442,0.3199999928474426
train_000545,train,【North Temperate Lakes LTER】Bog 27-2 (Crystal Bog),1995-02-15 00:00:00,2,45,0.414999991655349,0.41499999165534973
train_000546,train,【North Temperate Lakes LTER】Bog 27-2 (Crystal Bog),1995-03-20 00:00:00,2,45,0.300000011920928,0.30000001192092896
train_000547,train,【North Temperate Lakes LTER】Bog 27-2 (Crystal Bog),1996-02-20 00:00:00,2,45,0.449999988079071,0.44999998807907104
train_000548,train,【North Temperate Lakes LTER】Bog 27-2 (Crystal Bog),1997-02-17 00:00:00,2,45,0.490000009536743,0.49000000953674316
train_000549,train,【North Temperate Lakes LTER】Bog 27-2 (Crystal Bog),1998-02-19 00:00:00,2,45,0.400000005960464,0.4000000059604645
train_000550,train,【North Temperate Lakes LTER】Bog 27-2 (Crystal Bog),1998-03-17 00:00:00,2,45,0.310000002384185,0.3100000023841858
train_000551,train,【North Temperate Lakes LTER】Bog 27-2 (Crystal Bog),1999-02-25 00:00:00,2,45,0.400000005960464,0.4000000059604645
train_000552,train,【North Temperate Lakes LTER】Bog 27-2 (Crystal Bog),1999-03-29 00:00:00,2,45,0.400000005960464,0.4000000059604645
train_000553,train,【North Temperate Lakes LTER】Bog 27-2 (Crystal Bog),2000-02-23 00:00:00,2,45,0.409999996423721,0.4099999964237213
train_000554,train,【North Temperate Lakes LTER】Bog 27-2 (Crystal Bog),2001-03-01 00:00:00,2,45,0.400000005960464,0.4000000059604645
train_000555,train,【North Temperate Lakes LTER】Bog 27-2 (Crystal Bog),2001-04-02 00:00:00,2,45,0.439999997615814,0.4399999976158142
train_000556,train,【North Temperate Lakes LTER】Bog 27-2 (Crystal Bog),2002-02-22 00:00:00,2,45,0.259999990463256,0.25999999046325684
train_000557,train,【North Temperate Lakes LTER】Bog 27-2 (Crystal Bog),2002-04-02 00:00:00,2,45,0.519999980926513,0.5199999809265137
train_000558,train,【North Temperate Lakes LTER】Bog 27-2 (Crystal Bog),2003-02-20 00:00:00,2,45,0.430000007152557,0.4300000071525574
train_000559,train,【North Temperate Lakes LTER】Bog 27-2 (Crystal Bog),2003-04-01 00:00:00,2,45,0.310000002384185,0.3100000023841858
train_000560,train,【North Temperate Lakes LTER】Bog 27-2 (Crystal Bog),2004-02-27 00:00:00,2,45,0.52999997138977,0.5299999713897705
train_000561,train,【North Temperate Lakes LTER】Bog 27-2 (Crystal Bog),2004-04-06 00:00:00,2,45,0.300000011920928,0.30000001192092896
train_000562,train,【North Temperate Lakes LTER】Bog 27-2 (Crystal Bog),2005-03-31 00:00:00,2,45,0.389999985694885,0.38999998569488525
train_000563,train,【North Temperate Lakes LTER】Bog 27-2 (Crystal Bog),2006-02-23 00:00:00,2,45,0.370000004768371,0.3700000047683716
train_000564,train,【North Temperate Lakes LTER】Bog 27-2 (Crystal Bog),2006-03-27 00:00:00,2,45,0.419999986886978,0.41999998688697815
train_000565,train,【North Temperate Lakes LTER】Bog 27-2 (Crystal Bog),2007-02-21 00:00:00,2,45,0.340000003576278,0.3400000035762787
train_000566,train,【North Temperate Lakes LTER】Bog 27-2 (Crystal Bog),2008-02-25 00:00:00,2,45,0.419999986886978,0.41999998688697815
train_000567,train,【North Temperate Lakes LTER】Bog 27-2 (Crystal Bog),2008-03-24 00:00:00,2,45,0.519999980926513,0.5199999809265137
train_000568,train,【North Temperate Lakes LTER】Bog 27-2 (Crystal Bog),2009-02-17 00:00:00,2,45,0.419999986886978,0.41999998688697815
train_000569,train,【North Temperate Lakes LTER】Bog 27-2 (Crystal Bog),2009-03-18 00:00:00,2,45,0.409999996423721,0.4099999964237213
train_000570,train,【North Temperate Lakes LTER】Bog 27-2 (Crystal Bog),2010-02-22 00:00:00,2,45,0.360000014305114,0.36000001430511475
train_000571,train,【North Temperate Lakes LTER】Bog 27-2 (Crystal Bog),2011-02-17 00:00:00,2,45,0.409999996423721,0.4099999964237213
train_000572,train,【North Temperate Lakes LTER】Bog 27-2 (Crystal Bog),2011-03-17 00:00:00,2,45,0.479999989271163,0.47999998927116394
train_000573,train,【North Temperate Lakes LTER】Bog 27-2 (Crystal Bog),2012-02-22 00:00:00,2,45,0.349999994039535,0.3499999940395355
train_000574,train,【North Temperate Lakes LTER】Bog 27-2 (Crystal Bog),2013-02-18 00:00:00,2,45,0.46000000834465,0.46000000834465027
train_000575,train,【North Temperate Lakes LTER】Bog 27-2 (Crystal Bog),2013-03-28 00:00:00,2,45,0.589999973773956,0.5899999737739563
train_000576,train,【North Temperate Lakes LTER】Bog 27-2 (Crystal Bog),2014-02-20 00:00:00,2,45,0.469999998807907,0.4699999988079071
train_000577,train,【North Temperate Lakes LTER】Bog 27-2 (Crystal Bog),2014-03-31 00:00:00,2,45,0.550000011920929,0.550000011920929
train_000578,train,【North Temperate Lakes LTER】Bog 27-2 (Crystal Bog),2015-03-06 00:00:00,2,45,0.300000011920928,0.30000001192092896
train_000579,train,【North Temperate Lakes LTER】Bog 27-2 (Crystal Bog),2015-03-23 00:00:00,2,45,0.25,0.25
train_000580,train,【North Temperate Lakes LTER】Bog 27-2 (Crystal Bog),2016-02-24 00:00:00,2,45,0.319999992847442,0.3199999928474426
train_000581,train,【North Temperate Lakes LTER】Bog 27-2 (Crystal Bog),2017-02-23 00:00:00,2,45,0.289999991655349,0.28999999165534973
train_000582,train,【North Temperate Lakes LTER】Bog 27-2 (Crystal Bog),2017-03-24 00:00:00,2,45,0.340000003576278,0.3400000035762787
train_000583,train,【North Temperate Lakes LTER】Bog 27-2 (Crystal Bog),2018-02-23 00:00:00,2,45,0.449999988079071,0.44999998807907104
train_000584,train,【North Temperate Lakes LTER】Bog 27-2 (Crystal Bog),2018-03-27 00:00:00,2,45,0.52999997138977,0.5299999713897705
train_000585,train,【North Temperate Lakes LTER】Crystal Lake (NTL),1982-03-01 00:00:00,2,45,0.597999989986419,0.5979999899864197
train_000586,train,【North Temperate Lakes LTER】Crystal Lake (NTL),1982-04-08 00:00:00,2,45,0.67900002002716,0.6790000200271606
train_000587,train,【North Temperate Lakes LTER】Crystal Lake (NTL),1983-02-21 00:00:00,2,45,0.384999990463256,0.38499999046325684
train_000588,train,【North Temperate Lakes LTER】Crystal Lake (NTL),1983-03-30 00:00:00,2,45,0.389999985694885,0.38999998569488525
train_000589,train,【North Temperate Lakes LTER】Crystal Lake (NTL),1984-04-12 00:00:00,2,45,0.379999995231628,0.3799999952316284
train_000590,train,【North Temperate Lakes LTER】Crystal Lake (NTL),1985-03-28 00:00:00,2,45,0.479999989271163,0.47999998927116394
train_000591,train,【North Temperate Lakes LTER】Crystal Lake (NTL),1985-04-11 00:00:00,3,45,0.52999997138977,0.5299999713897705
train_000592,train,【North Temperate Lakes LTER】Crystal Lake (NTL),1987-02-25 00:00:00,2,45,0.310000002384185,0.3100000023841858
train_000593,train,【North Temperate Lakes LTER】Crystal Lake (NTL),1987-03-25 00:00:00,2,45,0.180000007152557,0.18000000715255737
train_000594,train,【North Temperate Lakes LTER】Crystal Lake (NTL),1988-03-02 00:00:00,2,45,0.550000011920929,0.550000011920929
train_000595,train,【North Temperate Lakes LTER】Crystal Lake (NTL),1988-04-05 00:00:00,2,45,0.479999989271163,0.47999998927116394
train_000596,train,【North Temperate Lakes LTER】Crystal Lake (NTL),1989-02-20 00:00:00,2,45,0.432999998331069,0.43299999833106995
train_000597,train,【North Temperate Lakes LTER】Crystal Lake (NTL),1989-03-29 00:00:00,2,45,0.495000004768371,0.4950000047683716
train_000598,train,【North Temperate Lakes LTER】Crystal Lake (NTL),1990-02-19 00:00:00,2,45,0.490000009536743,0.49000000953674316
train_000599,train,【North Temperate Lakes LTER】Crystal Lake (NTL),1990-03-29 00:00:00,2,45,0.310000002384185,0.3100000023841858
train_000600,train,【North Temperate Lakes LTER】Crystal Lake (NTL),1991-02-21 00:00:00,2,45,0.449999988079071,0.44999998807907104
train_000601,train,【North Temperate Lakes LTER】Crystal Lake (NTL),1991-03-26 00:00:00,2,45,0.419999986886978,0.41999998688697815
train_000602,train,【North Temperate Lakes LTER】Crystal Lake (NTL),1992-02-24 00:00:00,2,45,0.360000014305114,0.36000001430511475
train_000603,train,【North Temperate Lakes LTER】Crystal Lake (NTL),1992-03-26 00:00:00,2,45,0.469999998807907,0.4699999988079071
train_000604,train,【North Temperate Lakes LTER】Crystal Lake (NTL),1993-03-24 00:00:00,2,45,0.579999983310699,0.5799999833106995
train_000605,train,【North Temperate Lakes LTER】Crystal Lake (NTL),1994-02-21 00:00:00,2,45,0.389999985694885,0.38999998569488525
train_000606,train,【North Temperate Lakes LTER】Crystal Lake (NTL),1994-04-06 00:00:00,2,45,0.409999996423721,0.4099999964237213
train_000607,train,【North Temperate Lakes LTER】Crystal Lake (NTL),1995-02-13 00:00:00,2,45,0.449999988079071,0.44999998807907104
train_000608,train,【North Temperate Lakes LTER】Crystal Lake (NTL),1995-03-23 00:00:00,2,45,0.319999992847442,0.3199999928474426
train_000609,train,【North Temperate Lakes LTER】Crystal Lake (NTL),1996-02-19 00:00:00,2,45,0.569999992847442,0.5699999928474426
train_000610,train,【North Temperate Lakes LTER】Crystal Lake (NTL),1997-02-18 00:00:00,2,45,0.379999995231628,0.3799999952316284
train_000611,train,【North Temperate Lakes LTER】Crystal Lake (NTL),1997-03-31 00:00:00,2,45,0.550000011920929,0.550000011920929
train_000612,train,【North Temperate Lakes LTER】Crystal Lake (NTL),1998-02-16 00:00:00,2,45,0.400000005960464,0.4000000059604645
train_000613,train,【North Temperate Lakes LTER】Crystal Lake (NTL),1998-03-18 00:00:00,2,45,0.379999995231628,0.3799999952316284
train_000614,train,【North Temperate Lakes LTER】Crystal Lake (NTL),1999-02-22 00:00:00,2,45,0.419999986886978,0.41999998688697815
train_000615,train,【North Temperate Lakes LTER】Crystal Lake (NTL),1999-03-19 00:00:00,2,45,0.5,0.5
train_000616,train,【North Temperate Lakes LTER】Crystal Lake (NTL),2000-02-21 00:00:00,2,45,0.370000004768371,0.3700000047683716
train_000617,train,【North Temperate Lakes LTER】Crystal Lake (NTL),2001-02-20 00:00:00,2,45,0.370000004768371,0.3700000047683716
train_000618,train,【North Temperate Lakes LTER】Crystal Lake (NTL),2001-04-04 00:00:00,2,45,0.469999998807907,0.4699999988079071
train_000619,train,【North Temperate Lakes LTER】Crystal Lake (NTL),2002-02-27 00:00:00,2,45,0.330000013113021,0.33000001311302185
train_000620,train,【North Temperate Lakes LTER】Crystal Lake (NTL),2003-02-26 00:00:00,2,45,0.610000014305114,0.6100000143051147
train_000621,train,【North Temperate Lakes LTER】Crystal Lake (NTL),2003-04-04 00:00:00,2,45,0.560000002384185,0.5600000023841858
train_000622,train,【North Temperate Lakes LTER】Crystal Lake (NTL),2004-02-24 00:00:00,2,45,0.419999986886978,0.41999998688697815
train_000623,train,【North Temperate Lakes LTER】Crystal Lake (NTL),2004-04-01 00:00:00,2,45,0.430000007152557,0.4300000071525574
train_000624,train,【North Temperate Lakes LTER】Crystal Lake (NTL),2005-02-16 00:00:00,2,45,0.490000009536743,0.49000000953674316
train_000625,train,【North Temperate Lakes LTER】Crystal Lake (NTL),2006-02-16 00:00:00,2,45,0.419999986886978,0.41999998688697815
train_000626,train,【North Temperate Lakes LTER】Crystal Lake (NTL),2006-03-30 00:00:00,2,45,0.449999988079071,0.44999998807907104
train_000627,train,【North Temperate Lakes LTER】Crystal Lake (NTL),2007-02-22 00:00:00,2,45,0.419999986886978,0.41999998688697815
train_000628,train,【North Temperate Lakes LTER】Crystal Lake (NTL),2007-03-29 00:00:00,2,45,0.239999994635581,0.23999999463558197
train_000629,train,【North Temperate Lakes LTER】Crystal Lake (NTL),2008-03-04 00:00:00,2,45,0.5,0.5
train_000630,train,【North Temperate Lakes LTER】Crystal Lake (NTL),2008-03-31 00:00:00,2,45,0.540000021457672,0.5400000214576721
train_000631,train,【North Temperate Lakes LTER】Crystal Lake (NTL),2009-02-25 00:00:00,2,45,0.540000021457672,0.5400000214576721
train_000632,train,【North Temperate Lakes LTER】Crystal Lake (NTL),2009-03-25 00:00:00,2,45,0.439999997615814,0.4399999976158142
train_000633,train,【North Temperate Lakes LTER】Crystal Lake (NTL),2010-02-23 00:00:00,2,45,0.389999985694885,0.38999998569488525
train_000634,train,【North Temperate Lakes LTER】Crystal Lake (NTL),2011-02-14 00:00:00,2,45,0.389999985694885,0.38999998569488525
train_000635,train,【North Temperate Lakes LTER】Crystal Lake (NTL),2011-03-21 00:00:00,2,45,0.509999990463256,0.5099999904632568
train_000636,train,【North Temperate Lakes LTER】Crystal Lake (NTL),2012-02-24 00:00:00,2,45,0.409999996423721,0.4099999964237213
train_000637,train,【North Temperate Lakes LTER】Crystal Lake (NTL),2013-02-26 00:00:00,2,45,0.409999996423721,0.4099999964237213
train_000638,train,【North Temperate Lakes LTER】Crystal Lake (NTL),2013-03-26 00:00:00,2,45,0.610000014305114,0.6100000143051147
train_000639,train,【North Temperate Lakes LTER】Crystal Lake (NTL),2014-03-13 00:00:00,2,45,0.730000019073486,0.7300000190734863
train_000640,train,【North Temperate Lakes LTER】Crystal Lake (NTL),2014-03-28 00:00:00,2,45,0.620000004768371,0.6200000047683716
train_000641,train,【North Temperate Lakes LTER】Crystal Lake (NTL),2015-02-27 00:00:00,2,45,0.370000004768371,0.3700000047683716
train_000642,train,【North Temperate Lakes LTER】Crystal Lake (NTL),2015-03-26 00:00:00,2,45,0.379999995231628,0.3799999952316284
train_000643,train,【North Temperate Lakes LTER】Crystal Lake (NTL),2016-02-25 00:00:00,2,45,0.349999994039535,0.3499999940395355
train_000644,train,【North Temperate Lakes LTER】Crystal Lake (NTL),2017-02-16 00:00:00,2,45,0.400000005960464,0.4000000059604645
train_000645,train,【North Temperate Lakes LTER】Crystal Lake (NTL),2017-03-23 00:00:00,2,45,0.389999985694885,0.38999998569488525
train_000646,train,【North Temperate Lakes LTER】Crystal Lake (NTL),2018-02-19 00:00:00,2,45,0.430000007152557,0.4300000071525574
train_000647,train,【North Temperate Lakes LTER】Crystal Lake (NTL),2018-03-27 00:00:00,2,45,0.579999983310699,0.5799999833106995
